Time_s,Missile_Class,Flight_Phase,Altitude_m,Altitude_km,Range_m,Range_km,Speed_ms,Speed_kmh,Absolute_Velocity_ms,Vx_ms,Vy_ms,Ax_ms2,Ay_ms2,Total_Acceleration_ms2,Mach_Number,G_Load,Dynamic_Pressure_Pa,Dynamic_Pressure_kPa,Thrust_N,Thrust_kN,Drag_Force_N,Mass_kg,Kinetic_Energy_J,Kinetic_Energy_MJ
0.0,QRSAM_Class,BOOST,0.0,0.0,0.0,0.0,600.0,2160.0,600.0,253.571,543.7847,20.1648,33.4336,39.0439,1.7647,4.8638,220500.0,220.5,55000.0,55.0,2514.58,1100.0,198000000.0,198.0
0.5,QRSAM_Class,BOOST,280.25,0.2803,131.83,0.1318,619.415,2229.8941,619.415,263.6534,560.5015,20.6919,34.583,40.3006,1.8389,4.9927,227379.13,227.3791,55000.0,55.0,2593.03,1070.0,205266119.96,205.2661
1.0,QRSAM_Class,BOOST,569.15,0.5691,268.83,0.2688,639.4688,2302.0876,639.4688,273.9993,577.793,21.2494,35.7989,41.6305,1.9168,5.1291,234242.18,234.2422,55000.0,55.0,2671.29,1040.0,212638573.64,212.6386
1.5,QRSAM_Class,BOOST,866.99,0.867,411.14,0.4111,660.1972,2376.7098,660.1972,284.624,595.6924,21.8404,37.0873,43.0403,1.9987,5.2736,241076.96,241.077,55000.0,55.0,2749.24,1010.0,220109453.2,220.1095
2.0,QRSAM_Class,BOOST,1174.11,1.1741,558.91,0.5589,681.6395,2453.9021,681.6395,295.5442,614.2361,22.4678,38.455,44.5375,2.0848,5.4269,247871.22,247.8712,55000.0,55.0,2826.72,980.0,227669852.88,227.6699
2.5,QRSAM_Class,BOOST,1490.84,1.4908,712.3,0.7123,703.8387,2533.8194,703.8387,306.7781,633.4636,23.1352,39.9096,46.1304,2.1756,5.5901,254612.68,254.6127,55000.0,55.0,2903.6,950.0,235309742.14,235.3097
3.0,QRSAM_Class,BOOST,1817.55,1.8176,871.47,0.8715,726.8422,2616.632,726.8422,318.3457,653.4184,23.8467,41.4598,47.8286,2.2713,5.7639,261289.11,261.2891,55000.0,55.0,2979.74,920.0,243017818.44,243.0178
3.5,QRSAM_Class,BOOST,2154.63,2.1546,1036.61,1.0366,750.702,2702.5274,750.702,330.269,674.1483,24.6067,43.1152,49.6429,2.3724,5.9496,267888.42,267.8884,55000.0,55.0,3054.99,890.0,250781336.03,250.7813
4.0,QRSAM_Class,BOOST,2502.48,2.5025,1207.89,1.2079,775.4757,2791.7125,775.4757,342.5723,695.7059,25.4205,44.8872,51.5855,2.4792,6.1484,274398.75,274.3987,55000.0,55.0,3129.24,860.0,258585905.87,258.5859
4.5,QRSAM_Class,BOOST,2861.55,2.8616,1385.53,1.3855,801.2269,2884.4167,801.2269,355.2826,718.1495,26.294,46.7884,53.6705,2.5924,6.3617,280808.57,280.8086,55000.0,55.0,3202.34,830.0,266415260.98,266.4153
5.0,QRSAM_Class,BOOST,3232.33,3.2323,1569.75,1.5697,828.0262,2980.8945,828.0262,368.4296,741.5437,27.234,48.8334,55.9141,2.7124,6.5911,287106.83,287.1068,55000.0,55.0,3274.16,800.0,274250979.86,274.251
5.5,QRSAM_Class,BOOST,3615.31,3.6153,1760.77,1.7608,855.9527,3081.4296,855.9527,382.0466,765.9604,28.2483,51.0393,58.335,2.8399,6.8386,293283.1,293.2831,55000.0,55.0,3344.6,770.0,282072159.26,282.0722
6.0,QRSAM_Class,BOOST,4011.05,4.011,1958.86,1.9589,885.0943,3186.3396,885.0943,396.1707,791.4801,29.3461,53.4257,60.9549,2.9756,7.1064,299327.71,299.3277,55000.0,55.0,3413.53,740.0,289855024.64,289.855
6.5,QRSAM_Class,BOOST,4420.14,4.4201,2164.28,2.1643,915.5503,3295.981,915.5503,410.8438,818.193,30.538,56.0157,63.7991,3.1203,7.397,305231.99,305.232,55000.0,55.0,3480.86,710.0,297572464.28,297.5725
7.0,QRSAM_Class,BOOST,4843.24,4.8432,2377.34,2.3773,947.4322,3410.7561,947.4322,426.1128,846.2008,31.8367,58.8361,66.8974,3.2748,7.7135,310988.48,310.9885,55000.0,55.0,3546.51,680.0,305193468.6,305.1935
7.5,QRSAM_Class,BOOST,5281.05,5.2811,2598.35,2.5984,980.8669,3531.1208,980.8669,442.0311,875.6188,33.2569,61.9191,70.2851,3.4402,8.0595,316591.27,316.5913,55000.0,55.0,3610.4,650.0,312682450.96,312.6825
8.0,QRSAM_Class,BOOST,5734.34,5.7343,2827.68,2.8277,1015.9985,3657.5946,1015.9985,458.6595,906.5784,34.8163,65.3028,74.0043,3.6177,8.4393,322036.29,322.0363,55000.0,55.0,3672.5,620.0,319998419.3,319.9984
8.5,QRSAM_Class,BOOST,6203.96,6.204,3065.72,3.0657,1052.9924,3790.7728,1052.9924,476.0677,939.2298,36.5362,69.0331,78.1055,3.8085,8.858,327321.79,327.3218,55000.0,55.0,3732.77,590.0,327093957.88,327.094
9.0,QRSAM_Class,BOOST,6690.83,6.6908,3312.88,3.3129,1092.0393,3931.3416,1092.0393,494.3358,973.7464,38.4425,73.1657,82.6501,4.0144,9.3219,332448.92,332.4489,55000.0,55.0,3791.24,560.0,333913965.16,333.914
9.5,QRSAM_Class,BOOST,7195.99,7.196,3569.66,3.5697,1133.3605,4080.0977,1133.3605,513.5571,1010.3292,40.5668,77.7686,87.7133,4.237,9.8387,337422.38,337.4224,55000.0,55.0,3847.96,530.0,340394074.56,340.3941
10.0,QRSAM_Class,BOOST,7720.6,7.7206,3836.58,3.8366,1177.2148,4237.9732,1177.2148,533.8405,1049.2135,42.9481,82.9266,93.3882,4.4786,10.4178,342251.37,342.2514,55000.0,55.0,3903.03,500.0,346458658.23,346.4587
10.5,QRSAM_Class,TERMINAL,8265.94,8.2659,4114.24,4.1142,1223.9077,4406.0678,1223.9077,555.3145,1090.6768,-3.5904,-16.8618,17.2398,4.7417,0.8067,346950.81,346.9508,0.0,0.0,3956.62,500.0,374487526.11,374.4875
11.0,QRSAM_Class,TERMINAL,8807.06,8.8071,4391.0,4.391,1215.5821,4376.0955,1215.5821,553.5193,1082.2459,-3.3352,-16.3311,16.6682,4.7951,0.7466,321137.7,321.1377,0.0,0.0,3662.25,500.0,369409947.83,369.4099
11.5,QRSAM_Class,TERMINAL,9344.1,9.3441,4666.92,4.6669,1207.5549,4347.1977,1207.5549,551.8517,1074.0803,-3.101,-15.8455,16.1461,4.8495,0.6917,297507.04,297.507,0.0,0.0,3392.76,500.0,364547222.35,364.5472
12.0,QRSAM_Class,TERMINAL,9877.18,9.8772,4942.08,4.9421,1199.8014,4319.2851,1199.8014,550.3012,1066.1576,-2.8856,-15.4007,15.6687,4.9048,0.6413,275845.15,275.8452,0.0,0.0,3145.73,500.0,359880858.94,359.8809
12.5,QRSAM_Class,TERMINAL,10406.41,10.4064,5216.5,5.2165,1192.2992,4292.277,1192.2992,548.8584,1058.4573,-2.6874,-14.9926,15.2316,4.9608,0.5951,255962.87,255.9629,0.0,0.0,2919.0,500.0,355394324.23,355.3943
13.0,QRSAM_Class,TERMINAL,10931.89,10.9319,5490.26,5.4903,1185.0279,4266.1006,1185.0279,547.5147,1050.9609,-2.5048,-14.6179,14.831,5.0177,0.5526,237692.26,237.6923,0.0,0.0,2710.64,500.0,351072799.8,351.0728
13.5,QRSAM_Class,TERMINAL,11453.72,11.4537,5763.39,5.7634,1177.9694,4240.6898,1177.9694,546.2623,1043.652,-2.3362,-14.2735,14.4634,5.0753,0.5135,220883.86,220.8839,0.0,0.0,2518.96,500.0,346902974.55,346.903
14.0,QRSAM_Class,TERMINAL,11971.97,11.972,6035.94,6.0359,1171.1069,4215.985,1171.1069,545.0942,1036.5152,-2.1806,-13.9564,14.1258,5.1337,0.4776,205404.29,205.4043,0.0,0.0,2342.43,500.0,342872866.27,342.8729
14.5,QRSAM_Class,TERMINAL,12486.74,12.4867,6307.94,6.3079,1164.4255,4191.9317,1164.4255,544.0039,1029.537,-2.0366,-13.6644,13.8153,5.1927,0.4444,191134.23,191.1342,0.0,0.0,2179.69,500.0,338971667.68,338.9717
15.0,QRSAM_Class,TERMINAL,12998.1,12.9981,6579.43,6.5794,1157.9112,4168.4805,1157.9112,542.9856,1022.7048,-1.9034,-13.3951,13.5297,5.2525,0.4138,177966.75,177.9667,0.0,0.0,2029.53,500.0,335189613.14,335.1896
15.5,QRSAM_Class,TERMINAL,13506.1,13.5061,6850.45,6.8505,1151.5518,4145.5863,1151.5518,542.0338,1016.0073,-1.78,-13.1466,13.2665,5.3128,0.3855,165805.75,165.8057,0.0,0.0,1890.85,500.0,331517862.82,331.5179
16.0,QRSAM_Class,TERMINAL,14010.82,14.0108,7121.02,7.121,1145.3356,4123.2081,1145.3356,541.1438,1009.434,-1.6656,-12.917,13.024,5.3738,0.3594,154564.74,154.5647,0.0,0.0,1762.65,500.0,327948401.73,327.9484
16.5,QRSAM_Class,TERMINAL,14512.3,14.5123,7391.18,7.3912,1139.2523,4101.3083,1139.2523,540.311,1002.9755,-1.5595,-12.7048,12.8002,5.4354,0.3352,144165.71,144.1657,0.0,0.0,1644.06,500.0,324473951.52,324.474
17.0,QRSAM_Class,TERMINAL,15010.62,15.0106,7660.94,7.6609,1133.2924,4079.8525,1133.2924,539.5313,996.6231,-1.4609,-12.5085,12.5935,5.4975,0.3128,134538.2,134.5382,0.0,0.0,1534.27,500.0,321087893.04,321.0879
17.5,QRSAM_Class,TERMINAL,15505.8,15.5058,7930.35,7.9303,1127.447,4058.8093,1127.447,538.8009,990.3688,-1.3692,-12.3268,12.4026,5.5602,0.2921,125618.41,125.6184,0.0,0.0,1432.55,500.0,317784198.33,317.7842
18.0,QRSAM_Class,TERMINAL,15997.9,15.9979,8199.4,8.1994,1121.7083,4038.1498,1121.7083,538.1162,984.2055,-1.284,-12.1584,12.226,5.6233,0.2728,117348.52,117.3485,0.0,0.0,1338.24,500.0,314557370.6,314.5574
18.5,QRSAM_Class,TERMINAL,16486.97,16.487,8468.14,8.4681,1116.0688,4017.8477,1116.0688,537.4743,978.1263,-1.2047,-12.0023,12.0626,5.687,0.255,109676.04,109.676,0.0,0.0,1250.74,500.0,311402391.24,311.4024
19.0,QRSAM_Class,TERMINAL,16973.03,16.973,8736.58,8.7366,1110.5218,3997.8785,1110.5218,536.8719,972.1251,-1.1308,-11.8575,11.9113,5.7512,0.2384,102553.24,102.5532,0.0,0.0,1169.52,500.0,308314672.82,308.3147
19.5,QRSAM_Class,TERMINAL,17456.13,17.4561,9004.73,9.0047,1105.0611,3978.22,1105.0611,536.3065,966.1963,-1.0619,-11.7232,11.7712,5.8158,0.223,95936.67,95.9367,0.0,0.0,1094.06,500.0,305290017.36,305.29
20.0,QRSAM_Class,TERMINAL,17936.29,17.9363,9272.62,9.2726,1099.681,3958.8516,1099.681,535.7756,960.3348,-0.9977,-11.5984,11.6412,5.8809,0.2088,89786.72,89.7867,0.0,0.0,1023.93,500.0,302324579.24,302.3246
20.5,QRSAM_Class,TERMINAL,18413.56,18.4136,9540.26,9.5403,1094.3762,3939.7544,1094.3762,535.2767,954.5356,-0.9378,-11.4824,11.5206,5.9464,0.1955,84067.22,84.0672,0.0,0.0,958.7,500.0,299414832.05,299.4148
21.0,QRSAM_Class,TERMINAL,18887.96,18.888,9807.66,9.8077,1089.1419,3920.911,1089.1419,534.8078,948.7944,-0.8819,-11.3746,11.4087,6.0122,0.1831,78745.14,78.7451,0.0,0.0,898.01,500.0,296557539.05,296.5575
21.5,QRSAM_Class,TERMINAL,19359.51,19.3595,10074.84,10.0748,1083.9737,3902.3052,1083.9737,534.3668,943.1071,-0.8297,-11.2743,11.3048,6.0221,0.1716,73790.24,73.7902,0.0,0.0,841.5,500.0,293749726.62,293.7497
22.0,QRSAM_Class,TERMINAL,19828.25,19.8282,10341.82,10.3418,1078.8673,3883.9223,1078.8673,533.952,937.47,-0.7809,-11.181,11.2082,5.9937,0.1608,69174.85,69.1749,0.0,0.0,788.87,500.0,290988660.54,290.9887
22.5,QRSAM_Class,TERMINAL,20294.19,20.2942,10608.6,10.6086,1073.819,3865.7485,1073.819,533.5616,931.8795,-0.7352,-11.0941,11.1184,5.9657,0.1508,64873.58,64.8736,0.0,0.0,739.82,500.0,288271824.63,288.2718
23.0,QRSAM_Class,TERMINAL,20757.35,20.7574,10875.2,10.8752,1068.8253,3847.7712,1068.8253,533.194,926.3324,-0.6925,-11.0131,11.0348,5.9379,0.1415,60863.15,60.8631,0.0,0.0,694.08,500.0,285596901.52,285.5969
23.5,QRSAM_Class,TERMINAL,21217.77,21.2178,11141.62,11.1416,1063.883,3829.9788,1063.883,532.8477,920.8259,-0.6525,-10.9377,10.9571,5.9105,0.1328,57122.15,57.1222,0.0,0.0,651.42,500.0,282961755.36,282.9618
24.0,QRSAM_Class,TERMINAL,21675.44,21.6754,11407.88,11.4079,1058.989,3812.3603,1058.989,532.5214,915.3571,-0.6151,-10.8673,10.8847,5.8833,0.1247,53630.93,53.6309,0.0,0.0,611.61,500.0,280364416.16,280.3644
24.5,QRSAM_Class,TERMINAL,22130.41,22.1304,11673.99,11.674,1054.1405,3794.9059,1054.1405,532.2139,909.9234,-0.58,-10.8017,10.8173,5.8563,0.1171,50371.39,50.3714,0.0,0.0,574.43,500.0,277803065.66,277.8031
25.0,QRSAM_Class,TERMINAL,22582.67,22.5827,11939.95,11.94,1049.3351,3777.6063,1049.3351,531.9239,904.5226,-0.5472,-10.7405,10.7544,5.8296,0.11,47326.86,47.3269,0.0,0.0,539.71,500.0,275276024.52,275.276
25.5,QRSAM_Class,TERMINAL,23032.24,23.0322,12205.78,12.2058,1044.5702,3760.4528,1044.5702,531.6503,899.1523,-0.5164,-10.6833,10.6958,5.8032,0.1034,44481.98,44.482,0.0,0.0,507.27,500.0,272781740.74,272.7817
26.0,QRSAM_Class,TERMINAL,23479.15,23.4791,12471.47,12.4715,1039.8438,3743.4377,1039.8438,531.3921,893.8107,-0.4875,-10.6299,10.6411,5.7769,0.0972,41822.61,41.8226,0.0,0.0,476.94,500.0,270318779.13,270.3188
26.5,QRSAM_Class,TERMINAL,23923.4,23.9234,12737.05,12.737,1035.1537,3726.5534,1035.1537,531.1484,888.4957,-0.4603,-10.5801,10.5901,5.7509,0.0915,39335.66,39.3357,0.0,0.0,448.58,500.0,267885811.7,267.8858
27.0,QRSAM_Class,TERMINAL,24365.0,24.365,13002.5,13.0025,1030.4981,3709.7933,1030.4981,530.9182,883.2057,-0.4349,-10.5335,10.5424,5.725,0.086,37009.07,37.0091,0.0,0.0,422.05,500.0,265481609.01,265.4816
27.5,QRSAM_Class,TERMINAL,24803.97,24.804,13267.86,13.2679,1025.8753,3693.1511,1025.8753,530.7008,877.939,-0.411,-10.4899,10.4979,5.6993,0.081,34831.68,34.8317,0.0,0.0,397.22,500.0,263105032.2,263.105
28.0,QRSAM_Class,TERMINAL,25240.32,25.2403,13533.1,13.5331,1021.2836,3676.6208,1021.2836,530.4953,872.694,-0.3885,-10.4491,10.4563,5.6738,0.0762,32793.17,32.7932,0.0,0.0,373.97,500.0,260755025.77,260.755
28.5,QRSAM_Class,TERMINAL,25674.05,25.6741,13798.25,13.7983,1016.7214,3660.1971,1016.7214,530.301,867.4695,-0.3674,-10.411,10.4175,5.6485,0.0718,30884.01,30.884,0.0,0.0,352.2,500.0,258430610.99,258.4306
29.0,QRSAM_Class,TERMINAL,26105.18,26.1052,14063.31,14.0633,1012.1875,3643.875,1012.1875,530.1173,862.264,-0.3476,-10.3753,10.3811,5.6233,0.0676,29095.36,29.0954,0.0,0.0,331.8,500.0,256130879.85,256.1309
29.5,QRSAM_Class,TERMINAL,26533.72,26.5337,14328.28,14.3283,1007.6805,3627.6497,1007.6805,529.9435,857.0763,-0.3289,-10.3419,10.3471,5.5982,0.0637,27419.02,27.419,0.0,0.0,312.69,500.0,253854989.58,253.855
30.0,QRSAM_Class,TERMINAL,26959.67,26.9597,14593.17,14.5932,1003.1992,3611.5171,1003.1992,529.7791,851.9054,-0.3113,-10.3106,10.3153,5.5733,0.0601,25847.42,25.8474,0.0,0.0,294.76,500.0,251602157.58,251.6022
30.5,QRSAM_Class,TERMINAL,27383.05,27.383,14857.98,14.858,998.7425,3595.4731,998.7425,529.6234,846.7501,-0.2948,-10.2813,10.2855,5.5486,0.0567,24373.52,24.3735,0.0,0.0,277.96,500.0,249371656.79,249.3717
31.0,QRSAM_Class,TERMINAL,27803.85,27.8039,15122.72,15.1227,994.3094,3579.514,994.3094,529.476,841.6094,-0.2792,-10.2538,10.2576,5.5239,0.0535,22990.79,22.9908,0.0,0.0,262.19,500.0,247162811.49,247.1628
31.5,QRSAM_Class,TERMINAL,28222.09,28.2221,15387.39,15.3874,989.899,3563.6363,989.899,529.3364,836.4825,-0.2646,-10.2281,10.2315,5.4994,0.0504,21693.18,21.6932,0.0,0.0,247.39,500.0,244974993.37,244.975
32.0,QRSAM_Class,TERMINAL,28637.78,28.6378,15651.99,15.652,985.5103,3547.8369,985.5103,529.2041,831.3684,-0.2508,-10.204,10.207,5.4751,0.0476,20475.05,20.475,0.0,0.0,233.5,500.0,242807618.0,242.8076
32.5,QRSAM_Class,TERMINAL,29050.91,29.0509,15916.53,15.9165,981.1425,3532.1129,981.1425,529.0787,826.2665,-0.2378,-10.1813,10.1841,5.4508,0.0449,19331.18,19.3312,0.0,0.0,220.45,500.0,240660141.52,240.6601
33.0,QRSAM_Class,TERMINAL,29461.5,29.4615,16181.01,16.181,976.7949,3516.4616,976.7949,528.9599,821.1758,-0.2255,-10.1601,10.1626,5.4266,0.0424,18256.71,18.2567,0.0,0.0,208.2,500.0,238532057.65,238.5321
33.5,QRSAM_Class,TERMINAL,29869.55,29.8695,16445.44,16.4454,972.4667,3500.8803,972.4667,528.8471,816.0958,-0.2139,-10.1401,10.1424,5.4026,0.0401,17247.13,17.2471,0.0,0.0,196.69,500.0,236422894.89,236.4229
34.0,QRSAM_Class,TERMINAL,30275.06,30.2751,16709.81,16.7098,968.1575,3485.3668,968.1575,528.7402,811.0257,-0.203,-10.1214,10.1234,5.3787,0.0379,16298.22,16.2982,0.0,0.0,185.86,500.0,234332213.98,234.3322
34.5,QRSAM_Class,TERMINAL,30678.04,30.678,16974.13,16.9741,963.8664,3469.919,963.8664,528.6387,805.965,-0.1927,-10.1038,10.1057,5.3548,0.0358,15406.08,15.4061,0.0,0.0,175.69,500.0,232259605.57,232.2596
35.0,QRSAM_Class,TERMINAL,31078.5,31.0785,17238.4,17.2384,959.593,3454.5348,959.593,528.5423,800.9131,-0.183,-10.0873,10.089,5.3311,0.0339,14567.06,14.5671,0.0,0.0,166.12,500.0,230204688.0,230.2047
35.5,QRSAM_Class,TERMINAL,31476.43,31.4764,17502.62,17.5026,955.3368,3439.2125,955.3368,528.4508,795.8695,-0.1738,-10.0718,10.0733,5.3074,0.032,13777.77,13.7778,0.0,0.0,157.12,500.0,228167105.33,228.1671
36.0,QRSAM_Class,TERMINAL,31871.85,31.8719,17766.8,17.7668,951.0973,3423.9503,951.0973,528.3639,790.8336,-0.1652,-10.0572,10.0586,5.2839,0.0303,13035.05,13.035,0.0,0.0,148.65,500.0,226146525.51,226.1465
36.5,QRSAM_Class,TERMINAL,32264.75,32.2648,18030.94,18.0309,946.8741,3408.7467,946.8741,528.2813,785.805,-0.157,-10.0435,10.0447,5.2604,0.0287,12335.94,12.3359,0.0,0.0,140.68,500.0,224142638.65,224.1426
37.0,QRSAM_Class,TERMINAL,32655.15,32.6551,18295.05,18.295,942.6668,3393.6003,942.6668,528.2028,780.7832,-0.1492,-10.0306,10.0317,5.237,0.0272,11677.71,11.6777,0.0,0.0,133.17,500.0,222155155.44,222.1552
37.5,QRSAM_Class,TERMINAL,33043.03,33.043,18559.11,18.5591,938.4749,3378.5098,938.4749,528.1282,775.7679,-0.1419,-10.0185,10.0195,5.2137,0.0257,11057.79,11.0578,0.0,0.0,126.1,500.0,220183805.73,220.1838
38.0,QRSAM_Class,TERMINAL,33428.41,33.4284,18823.14,18.8231,934.2983,3363.4739,934.2983,528.0572,770.7587,-0.135,-10.0071,10.008,5.1905,0.0244,10473.79,10.4738,0.0,0.0,119.44,500.0,218228337.14,218.2283
38.5,QRSAM_Class,TERMINAL,33811.29,33.8113,19087.13,19.0871,930.1366,3348.4917,930.1366,527.9897,765.7551,-0.1285,-9.9963,9.9972,5.1674,0.0231,9923.47,9.9235,0.0,0.0,113.17,500.0,216288513.85,216.2885
39.0,QRSAM_Class,TERMINAL,34191.66,34.1917,19351.1,19.3511,925.9895,3333.562,925.9895,527.9255,760.757,-0.1223,-9.9862,9.987,5.1444,0.0219,9404.75,9.4048,0.0,0.0,107.25,500.0,214364115.43,214.3641
39.5,QRSAM_Class,TERMINAL,34569.55,34.5695,19615.03,19.615,921.8567,3318.6841,921.8567,527.8643,755.7638,-0.1164,-9.9767,9.9774,5.1214,0.0207,8915.69,8.9157,0.0,0.0,101.67,500.0,212454935.78,212.4549
40.0,QRSAM_Class,TERMINAL,34944.93,34.9449,19878.93,19.8789,917.7381,3303.857,917.7381,527.8061,750.7755,-0.1109,-9.9677,9.9684,5.0985,0.0197,8454.46,8.4545,0.0,0.0,96.41,500.0,210560782.14,210.5608
40.5,QRSAM_Class,TERMINAL,35317.83,35.3178,20142.81,20.1428,913.6333,3289.0801,913.6333,527.7507,745.7916,-0.1057,-9.9593,9.9599,5.0757,0.0186,8019.36,8.0194,0.0,0.0,91.45,500.0,208681474.16,208.6815
41.0,QRSAM_Class,TERMINAL,35688.24,35.6882,20406.66,20.4067,909.5424,3274.3526,909.5424,527.6978,740.812,-0.1007,-9.9513,9.9519,5.053,0.0177,7608.8,7.6088,0.0,0.0,86.77,500.0,206816843.08,206.8168
41.5,QRSAM_Class,TERMINAL,36056.15,36.0562,20670.48,20.6705,905.465,3259.6741,905.465,527.6475,735.8363,-0.096,-9.9438,9.9443,5.0304,0.0168,7221.3,7.2213,0.0,0.0,82.35,500.0,204966730.93,204.9667
42.0,QRSAM_Class,TERMINAL,36421.59,36.4216,20934.28,20.9343,901.4011,3245.044,901.4011,527.5995,730.8644,-0.0915,-9.9368,9.9372,5.0078,0.0159,6855.47,6.8555,0.0,0.0,78.18,500.0,203130989.77,203.131
42.5,QRSAM_Class,TERMINAL,36784.53,36.7845,21198.06,21.1981,897.3505,3230.4618,897.3505,527.5537,725.896,-0.0873,-9.9301,9.9305,4.9853,0.0151,6510.0,6.51,0.0,0.0,74.24,500.0,201309481.06,201.3095
43.0,QRSAM_Class,TERMINAL,37145.0,37.145,21461.81,21.4618,893.3131,3215.9272,893.3131,527.5101,720.9309,-0.0833,-9.9238,9.9242,4.9629,0.0144,6183.67,6.1837,0.0,0.0,70.52,500.0,199502074.99,199.5021
43.5,QRSAM_Class,TERMINAL,37502.98,37.503,21725.55,21.7255,889.2888,3201.4397,889.2888,527.4685,715.969,-0.0795,-9.9179,9.9182,4.9405,0.0137,5875.36,5.8754,0.0,0.0,67.0,500.0,197708649.92,197.7086
44.0,QRSAM_Class,TERMINAL,37858.49,37.8585,21989.26,21.9893,885.2776,3186.9992,885.2776,527.4287,711.0101,-0.0759,-9.9123,9.9126,4.9182,0.013,5583.97,5.584,0.0,0.0,63.68,500.0,195929091.83,195.9291
44.5,QRSAM_Class,TERMINAL,38211.52,38.2115,22252.96,22.253,881.2793,3172.6054,881.2793,527.3908,706.0539,-0.0725,-9.907,9.9073,4.896,0.0123,5308.53,5.3085,0.0,0.0,60.54,500.0,194163293.81,194.1633
45.0,QRSAM_Class,TERMINAL,38562.07,38.5621,22516.63,22.5166,877.2939,3158.2581,877.2939,527.3545,701.1004,-0.0692,-9.902,9.9023,4.8739,0.0117,5048.08,5.0481,0.0,0.0,57.57,500.0,192411155.57,192.4112
45.5,QRSAM_Class,TERMINAL,38910.14,38.9101,22780.29,22.7803,873.3214,3143.9572,873.3214,527.3199,696.1494,-0.0661,-9.8973,9.8975,4.8518,0.0112,4801.76,4.8018,0.0,0.0,54.76,500.0,190672583.06,190.6726
46.0,QRSAM_Class,TERMINAL,39255.74,39.2557,23043.94,23.0439,869.3618,3129.7025,869.3618,527.2869,691.2008,-0.0632,-9.8928,9.8931,4.8298,0.0106,4568.73,4.5687,0.0,0.0,52.1,500.0,188947488.01,188.9475
46.5,QRSAM_Class,TERMINAL,39598.87,39.5989,23307.56,23.3076,865.415,3115.4941,865.415,527.2553,686.2543,-0.0604,-9.8886,9.8888,4.8079,0.0101,4348.22,4.3482,0.0,0.0,49.59,500.0,187235787.55,187.2358
47.0,QRSAM_Class,TERMINAL,39939.52,39.9395,23571.18,23.5712,861.4811,3101.3318,861.4811,527.2251,681.31,-0.0578,-9.8847,9.8848,4.786,0.0096,4139.51,4.1395,0.0,0.0,47.21,500.0,185537403.92,185.5374
47.5,QRSAM_Class,TERMINAL,40277.71,40.2777,23834.77,23.8348,857.5599,3087.2158,857.5599,527.1962,676.3677,-0.0553,-9.8809,9.8811,4.7642,0.0092,3941.92,3.9419,0.0,0.0,44.95,500.0,183852264.06,183.8523
48.0,QRSAM_Class,TERMINAL,40613.42,40.6134,24098.36,24.0984,853.6517,3073.1461,853.6517,527.1685,671.4272,-0.0529,-9.8774,9.8775,4.7425,0.0087,3754.8,3.7548,0.0,0.0,42.82,500.0,182180299.35,182.1803
48.5,QRSAM_Class,TERMINAL,40946.67,40.9467,24361.93,24.3619,849.7563,3059.1227,849.7563,527.1421,666.4886,-0.0506,-9.874,9.8741,4.7209,0.0083,3577.57,3.5776,0.0,0.0,40.8,500.0,180521445.34,180.5214
49.0,QRSAM_Class,TERMINAL,41277.44,41.2774,24625.49,24.6255,845.8738,3045.1459,845.8738,527.1168,661.5516,-0.0485,-9.8708,9.8709,4.6993,0.0079,3409.65,3.4096,0.0,0.0,38.88,500.0,178875641.42,178.8756
49.5,QRSAM_Class,TERMINAL,41605.75,41.6057,24889.03,24.889,842.0043,3031.2157,842.0043,527.0926,656.6161,-0.0464,-9.8678,9.8679,4.6778,0.0076,3250.52,3.2505,0.0,0.0,37.07,500.0,177242830.66,177.2428
50.0,QRSAM_Class,TERMINAL,41931.59,41.9316,25152.57,25.1526,838.1479,3017.3323,838.1479,527.0694,651.6822,-0.0445,-9.865,9.8651,4.6564,0.0072,3099.68,3.0997,0.0,0.0,35.35,500.0,175622959.5,175.623
50.5,QRSAM_Class,TERMINAL,42254.97,42.255,25416.09,25.4161,834.3044,3003.496,834.3044,527.0471,646.7497,-0.0426,-9.8623,9.8624,4.635,0.0069,2956.67,2.9567,0.0,0.0,33.72,500.0,174015977.58,174.016
51.0,QRSAM_Class,TERMINAL,42575.88,42.5759,25679.61,25.6796,830.4742,2989.707,830.4742,527.0258,641.8186,-0.0408,-9.8597,9.8598,4.6137,0.0066,2821.04,2.821,0.0,0.0,32.17,500.0,172421837.51,172.4218
51.5,QRSAM_Class,TERMINAL,42894.32,42.8943,25943.11,25.9431,826.6571,2975.9656,826.6571,527.0054,636.8887,-0.0391,-9.8573,9.8574,4.5925,0.0063,2692.39,2.6924,0.0,0.0,30.7,500.0,170840494.73,170.8405
52.0,QRSAM_Class,TERMINAL,43210.3,43.2103,26206.6,26.2066,822.8533,2962.272,822.8533,526.9858,631.9601,-0.0375,-9.855,9.8551,4.5714,0.006,2570.32,2.5703,0.0,0.0,29.31,500.0,169271907.27,169.2719
52.5,QRSAM_Class,TERMINAL,43523.82,43.5238,26470.08,26.4701,819.063,2948.6267,819.063,526.9671,627.0326,-0.036,-9.8529,9.8529,4.5503,0.0057,2454.47,2.4545,0.0,0.0,27.99,500.0,167716035.65,167.716
53.0,QRSAM_Class,TERMINAL,43834.87,43.8349,26733.56,26.7336,815.2861,2935.0298,815.2861,526.9491,622.1062,-0.0346,-9.8508,9.8509,4.5294,0.0055,2344.5,2.3445,0.0,0.0,26.74,500.0,166172842.65,166.1728
53.5,QRSAM_Class,TERMINAL,44143.46,44.1435,26997.02,26.997,811.5227,2921.4819,811.5227,526.9318,617.1808,-0.0332,-9.8489,9.8489,4.5085,0.0052,2240.09,2.2401,0.0,0.0,25.55,500.0,164642293.27,164.6423
54.0,QRSAM_Class,TERMINAL,44449.59,44.4496,27260.48,27.2605,807.7731,2907.9832,807.7731,526.9152,612.2563,-0.0319,-9.847,9.8471,4.4876,0.005,2140.92,2.1409,0.0,0.0,24.42,500.0,163124354.5,163.1244
54.5,QRSAM_Class,TERMINAL,44753.25,44.7533,27523.93,27.5239,804.0373,2894.5343,804.0373,526.8993,607.3328,-0.0306,-9.8453,9.8453,4.4669,0.0048,2046.73,2.0467,0.0,0.0,23.34,500.0,161618995.24,161.619
55.0,QRSAM_Class,TERMINAL,45054.46,45.0545,27787.37,27.7874,800.3154,2881.1355,800.3154,526.884,602.4102,-0.0294,-9.8436,9.8436,4.4462,0.0046,1957.22,1.9572,0.0,0.0,22.32,500.0,160126186.19,160.1262
55.5,QRSAM_Class,TERMINAL,45353.2,45.3532,28050.81,28.0508,796.6076,2867.7872,796.6076,526.8693,597.4884,-0.0282,-9.842,9.8421,4.4256,0.0044,1872.16,1.8722,0.0,0.0,21.35,500.0,158645899.73,158.6459
56.0,QRSAM_Class,TERMINAL,45649.49,45.6495,28314.24,28.3142,792.9139,2854.49,792.9139,526.8551,592.5674,-0.0271,-9.8405,9.8406,4.4051,0.0042,1791.3,1.7913,0.0,0.0,20.43,500.0,157178109.79,157.1781
56.5,QRSAM_Class,TERMINAL,45943.31,45.9433,28577.66,28.5777,789.2345,2841.2444,789.2345,526.8416,587.6471,-0.0261,-9.8391,9.8391,4.3846,0.004,1714.41,1.7144,0.0,0.0,19.55,500.0,155722791.82,155.7228
57.0,QRSAM_Class,TERMINAL,46234.67,46.2347,28841.07,28.8411,785.5697,2828.0508,785.5697,526.8285,582.7275,-0.0251,-9.8378,9.8378,4.3643,0.0038,1641.29,1.6413,0.0,0.0,18.72,500.0,154279922.64,154.2799
57.5,QRSAM_Class,TERMINAL,46523.58,46.5236,29104.48,29.1045,781.9194,2814.9098,781.9194,526.816,577.8087,-0.0242,-9.8365,9.8365,4.344,0.0037,1571.73,1.5717,0.0,0.0,17.92,500.0,152849480.36,152.8495
58.0,QRSAM_Class,TERMINAL,46810.02,46.81,29367.88,29.3679,778.2839,2801.8219,778.2839,526.8039,572.8904,-0.0232,-9.8353,9.8353,4.3238,0.0035,1505.55,1.5056,0.0,0.0,17.17,500.0,151431444.36,151.4314
58.5,QRSAM_Class,TERMINAL,47094.01,47.094,29631.28,29.6313,774.6633,2788.7878,774.6633,526.7923,567.9728,-0.0224,-9.8341,9.8341,4.3037,0.0034,1442.57,1.4426,0.0,0.0,16.45,500.0,150025795.14,150.0258
59.0,QRSAM_Class,TERMINAL,47375.54,47.3755,29894.67,29.8947,771.0578,2775.8079,771.0578,526.7811,563.0557,-0.0215,-9.833,9.8331,4.2837,0.0032,1382.61,1.3826,0.0,0.0,15.77,500.0,148632514.31,148.6325
59.5,QRSAM_Class,TERMINAL,47654.61,47.6546,30158.05,30.1581,767.4675,2762.8829,767.4675,526.7703,558.1392,-0.0208,-9.832,9.832,4.2637,0.0031,1325.52,1.3255,0.0,0.0,15.12,500.0,147251584.48,147.2516
60.0,QRSAM_Class,TERMINAL,47931.22,47.9312,30421.43,30.4214,763.8926,2750.0135,763.8926,526.7599,553.2232,-0.02,-9.831,9.831,4.2438,0.003,1271.15,1.2712,0.0,0.0,14.5,500.0,145882989.25,145.883
60.5,QRSAM_Class,TERMINAL,48205.37,48.2054,30684.81,30.6848,760.3334,2737.2002,760.3334,526.7499,548.3077,-0.0193,-9.8301,9.8301,4.2241,0.0028,1219.37,1.2194,0.0,0.0,13.91,500.0,144526713.09,144.5267
61.0,QRSAM_Class,TERMINAL,48477.07,48.4771,30948.18,30.9482,756.7899,2724.4437,756.7899,526.7403,543.3927,-0.0186,-9.8292,9.8292,4.2044,0.0027,1170.03,1.17,0.0,0.0,13.34,500.0,143182741.36,143.1827
61.5,QRSAM_Class,TERMINAL,48746.31,48.7463,31211.54,31.2115,753.2624,2711.7446,753.2624,526.731,538.4781,-0.0179,-9.8283,9.8283,4.1848,0.0026,1123.0,1.123,0.0,0.0,12.81,500.0,141851060.19,141.8511
62.0,QRSAM_Class,TERMINAL,49013.09,49.0131,31474.9,31.4749,749.751,2699.1038,749.751,526.7221,533.564,-0.0173,-9.8275,9.8275,4.1653,0.0025,1078.18,1.0782,0.0,0.0,12.3,500.0,140531656.48,140.5317
62.5,QRSAM_Class,TERMINAL,49277.42,49.2774,31738.26,31.7383,746.256,2686.5217,746.256,526.7134,528.6502,-0.0167,-9.8267,9.8267,4.1459,0.0024,1035.45,1.0354,0.0,0.0,11.81,500.0,139224517.85,139.2245
63.0,QRSAM_Class,TERMINAL,49539.28,49.5393,32001.61,32.0016,742.7776,2673.9993,742.7776,526.7051,523.7368,-0.0161,-9.826,9.826,4.1265,0.0023,994.69,0.9947,0.0,0.0,11.34,500.0,137929632.56,137.9296
63.5,QRSAM_Class,TERMINAL,49798.7,49.7987,32264.96,32.265,739.3159,2661.5371,739.3159,526.6971,518.8238,-0.0155,-9.8253,9.8253,4.1073,0.0022,955.82,0.9558,0.0,0.0,10.9,500.0,136646989.53,136.647
64.0,QRSAM_Class,MIDCOURSE,50055.65,50.0557,32528.31,32.5283,735.8711,2649.1361,735.8711,526.6893,513.9112,-0.015,-9.8246,9.8246,4.0882,0.0021,918.74,0.9187,0.0,0.0,10.48,500.0,135376578.27,135.3766
64.5,QRSAM_Class,MIDCOURSE,50310.15,50.3102,32791.65,32.7916,732.4436,2636.7968,732.4436,526.6818,508.9989,-0.0145,-9.824,9.824,4.0691,0.0021,883.35,0.8834,0.0,0.0,10.07,500.0,134118388.84,134.1184
65.0,QRSAM_Class,MIDCOURSE,50562.19,50.5622,33054.99,33.055,729.0334,2624.5201,729.0334,526.6745,504.0869,-0.014,-9.8234,9.8234,4.0502,0.002,849.58,0.8496,0.0,0.0,9.69,500.0,132872411.83,132.8724
65.5,QRSAM_Class,MIDCOURSE,50811.78,50.8118,33318.32,33.3183,725.6408,2612.3068,725.6408,526.6675,499.1752,-0.0135,-9.8228,9.8228,4.0313,0.0019,817.33,0.8173,0.0,0.0,9.32,500.0,131638638.35,131.6386
66.0,QRSAM_Class,MIDCOURSE,51058.91,51.0589,33581.65,33.5816,722.266,2600.1578,722.266,526.6608,494.2638,-0.0131,-9.8223,9.8223,4.0126,0.0018,786.54,0.7865,0.0,0.0,8.97,500.0,130417059.95,130.4171
66.5,QRSAM_Class,MIDCOURSE,51303.59,51.3036,33844.98,33.845,718.9094,2588.0737,718.9094,526.6542,489.3526,-0.0127,-9.8218,9.8218,3.9939,0.0018,757.14,0.7571,0.0,0.0,8.63,500.0,129207668.64,129.2077
67.0,QRSAM_Class,MIDCOURSE,51545.81,51.5458,34108.3,34.1083,715.571,2576.0555,715.571,526.6479,484.4417,-0.0122,-9.8213,9.8213,3.9754,0.0017,729.05,0.729,0.0,0.0,8.31,500.0,128010456.84,128.0105
67.5,QRSAM_Class,MIDCOURSE,51785.58,51.7856,34371.62,34.3716,712.2511,2564.1041,712.2511,526.6418,479.5311,-0.0118,-9.8208,9.8208,3.957,0.0016,702.21,0.7022,0.0,0.0,8.01,500.0,126825417.39,126.8254
68.0,QRSAM_Class,MIDCOURSE,52022.89,52.0229,34634.94,34.6349,708.9501,2552.2202,708.9501,526.6359,474.6207,-0.0115,-9.8203,9.8203,3.9386,0.0016,676.56,0.6766,0.0,0.0,7.72,500.0,125652543.47,125.6525
68.5,QRSAM_Class,MIDCOURSE,52257.74,52.2577,34898.25,34.8983,705.668,2540.4048,705.668,526.6301,469.7106,-0.0111,-9.8199,9.8199,3.9204,0.0015,652.05,0.652,0.0,0.0,7.44,500.0,124491828.63,124.4918
69.0,QRSAM_Class,MIDCOURSE,52490.14,52.4901,35161.57,35.1616,702.4052,2528.6587,702.4052,526.6246,464.8006,-0.0107,-9.8195,9.8195,3.9023,0.0015,628.61,0.6286,0.0,0.0,7.17,500.0,123343266.75,123.3433
69.5,QRSAM_Class,MIDCOURSE,52720.09,52.7201,35424.88,35.4249,699.1619,2516.983,699.1619,526.6192,459.8909,-0.0104,-9.8191,9.8191,3.8842,0.0014,606.19,0.6062,0.0,0.0,6.91,500.0,122206852.03,122.2069
70.0,QRSAM_Class,MIDCOURSE,52947.58,52.9476,35688.18,35.6882,695.9384,2505.3784,695.9384,526.614,454.9813,-0.0101,-9.8187,9.8187,3.8663,0.0014,584.75,0.5848,0.0,0.0,6.67,500.0,121082578.95,121.0826
70.5,QRSAM_Class,MIDCOURSE,53172.61,53.1726,35951.49,35.9515,692.735,2493.846,692.735,526.609,450.072,-0.0098,-9.8184,9.8184,3.8485,0.0013,564.24,0.5642,0.0,0.0,6.43,500.0,119970442.29,119.9704
71.0,QRSAM_Class,MIDCOURSE,53395.2,53.3952,36214.79,36.2148,689.5518,2482.3866,689.5518,526.6041,445.1628,-0.0095,-9.818,9.818,3.8308,0.0013,544.62,0.5446,0.0,0.0,6.21,500.0,118870437.09,118.8704
71.5,QRSAM_Class,MIDCOURSE,53615.32,53.6153,36478.09,36.4781,686.3893,2471.0014,686.3893,526.5993,440.2538,-0.0092,-9.8177,9.8177,3.8133,0.0012,525.84,0.5258,0.0,0.0,6.0,500.0,117782558.62,117.7826
72.0,QRSAM_Class,MIDCOURSE,53833.0,53.833,36741.39,36.7414,683.2475,2459.6912,683.2475,526.5947,435.3449,-0.0089,-9.8174,9.8174,3.7958,0.0012,507.86,0.5079,0.0,0.0,5.79,500.0,116706802.43,116.7068
72.5,QRSAM_Class,MIDCOURSE,54048.21,54.0482,37004.68,37.0047,680.1269,2448.457,680.1269,526.5903,430.4362,-0.0087,-9.8171,9.8171,3.7785,0.0011,490.65,0.4907,0.0,0.0,5.6,500.0,115643164.24,115.6432
73.0,QRSAM_Class,MIDCOURSE,54260.98,54.261,37267.97,37.268,677.0277,2437.2999,677.0277,526.5859,425.5277,-0.0084,-9.8168,9.8168,3.7613,0.0011,474.17,0.4742,0.0,0.0,5.41,500.0,114591640.04,114.5916
73.5,QRSAM_Class,MIDCOURSE,54471.29,54.4713,37531.27,37.5313,673.9502,2426.2208,673.9502,526.5817,420.6193,-0.0082,-9.8165,9.8165,3.7442,0.0011,458.39,0.4584,0.0,0.0,5.23,500.0,113552225.97,113.5522
74.0,QRSAM_Class,MIDCOURSE,54679.14,54.6791,37794.55,37.7946,670.8947,2415.2209,670.8947,526.5776,415.711,-0.0079,-9.8163,9.8163,3.7272,0.001,443.27,0.4433,0.0,0.0,5.06,500.0,112524918.4,112.5249
74.5,QRSAM_Class,MIDCOURSE,54884.54,54.8845,38057.84,38.0578,667.8614,2404.3011,667.8614,526.5737,410.8029,-0.0077,-9.816,9.816,3.7103,0.001,428.78,0.4288,0.0,0.0,4.89,500.0,111509713.85,111.5097
75.0,QRSAM_Class,MIDCOURSE,55087.49,55.0875,38321.13,38.3211,664.8507,2393.4625,664.8507,526.5698,405.8949,-0.0075,-9.8158,9.8158,3.6936,0.001,414.9,0.4149,0.0,0.0,4.73,500.0,110506609.02,110.5066
75.5,QRSAM_Class,MIDCOURSE,55287.98,55.288,38584.41,38.5844,661.8628,2382.7062,661.8628,526.5661,400.987,-0.0073,-9.8155,9.8156,3.677,0.0009,401.59,0.4016,0.0,0.0,4.58,500.0,109515600.77,109.5156
76.0,QRSAM_Class,MIDCOURSE,55486.02,55.486,38847.69,38.8477,658.8981,2372.0333,658.8981,526.5624,396.0792,-0.0071,-9.8153,9.8153,3.6605,0.0009,388.84,0.3888,0.0,0.0,4.43,500.0,108536686.13,108.5367
76.5,QRSAM_Class,MIDCOURSE,55681.61,55.6816,39110.97,39.111,655.9569,2361.4448,655.9569,526.5589,391.1716,-0.0069,-9.8151,9.8151,3.6442,0.0009,376.61,0.3766,0.0,0.0,4.29,500.0,107569862.25,107.5699
77.0,QRSAM_Class,MIDCOURSE,55874.74,55.8747,39374.25,39.3742,653.0394,2350.942,653.0394,526.5554,386.264,-0.0067,-9.8149,9.8149,3.628,0.0008,364.88,0.3649,0.0,0.0,4.16,500.0,106615126.42,106.6151
77.5,QRSAM_Class,MIDCOURSE,56065.42,56.0654,39637.52,39.6375,650.1461,2340.5258,650.1461,526.5521,381.3565,-0.0065,-9.8147,9.8147,3.6119,0.0008,353.63,0.3536,0.0,0.0,4.03,500.0,105672476.08,105.6725
78.0,QRSAM_Class,MIDCOURSE,56253.64,56.2536,39900.8,39.9008,647.2771,2330.1975,647.2771,526.5488,376.4492,-0.0064,-9.8145,9.8145,3.596,0.0008,342.84,0.3428,0.0,0.0,3.91,500.0,104741908.78,104.7419
78.5,QRSAM_Class,MIDCOURSE,56439.42,56.4394,40164.07,40.1641,644.4328,2319.9582,644.4328,526.5456,371.5419,-0.0062,-9.8144,9.8144,3.5802,0.0008,332.49,0.3325,0.0,0.0,3.79,500.0,103823422.17,103.8234
79.0,QRSAM_Class,MIDCOURSE,56622.73,56.6227,40427.34,40.4273,641.6136,2309.8091,641.6136,526.5425,366.6347,-0.006,-9.8142,9.8142,3.5645,0.0007,322.55,0.3226,0.0,0.0,3.68,500.0,102917014.04,102.917
79.5,QRSAM_Class,MIDCOURSE,56803.6,56.8036,40690.61,40.6906,638.8198,2299.7513,638.8198,526.5395,361.7276,-0.0059,-9.814,9.814,3.549,0.0007,313.02,0.313,0.0,0.0,3.57,500.0,102022682.27,102.0227
80.0,QRSAM_Class,MIDCOURSE,56982.01,56.982,40953.88,40.9539,636.0516,2289.7859,636.0516,526.5366,356.8206,-0.0057,-9.8139,9.8139,3.5336,0.0007,303.87,0.3039,0.0,0.0,3.47,500.0,101140424.84,101.1404
80.5,QRSAM_Class,MIDCOURSE,57157.96,57.158,41217.15,41.2171,633.3095,2279.9143,633.3095,526.5337,351.9136,-0.0056,-9.8137,9.8137,3.5184,0.0007,295.08,0.2951,0.0,0.0,3.37,500.0,100270239.82,100.2702
81.0,QRSAM_Class,MIDCOURSE,57331.47,57.3315,41480.41,41.4804,630.5938,2270.1376,630.5938,526.5309,347.0068,-0.0055,-9.8136,9.8136,3.5033,0.0007,286.64,0.2866,0.0,0.0,3.27,500.0,99412125.38,99.4121
81.5,QRSAM_Class,MIDCOURSE,57502.52,57.5025,41743.68,41.7437,627.9047,2260.4569,627.9047,526.5282,342.1,-0.0053,-9.8135,9.8135,3.4884,0.0006,278.54,0.2785,0.0,0.0,3.18,500.0,98566079.77,98.5661
82.0,QRSAM_Class,MIDCOURSE,57671.11,57.6711,42006.94,42.0069,625.2427,2250.8736,625.2427,526.5255,337.1932,-0.0052,-9.8133,9.8133,3.4736,0.0006,270.76,0.2708,0.0,0.0,3.09,500.0,97732101.31,97.7321
82.5,QRSAM_Class,MIDCOURSE,57837.26,57.8373,42270.2,42.2702,622.608,2241.3889,622.608,526.5229,332.2866,-0.0051,-9.8132,9.8132,3.4589,0.0006,263.29,0.2633,0.0,0.0,3.0,500.0,96910188.42,96.9102
83.0,QRSAM_Class,MIDCOURSE,58000.95,58.0009,42533.46,42.5335,620.0011,2232.0039,620.0011,526.5204,327.38,-0.005,-9.8131,9.8131,3.4445,0.0006,256.11,0.2561,0.0,0.0,2.92,500.0,96100339.57,96.1003
83.5,QRSAM_Class,MIDCOURSE,58162.18,58.1622,42796.72,42.7967,617.4222,2222.72,617.4222,526.5179,322.4734,-0.0048,-9.813,9.813,3.4301,0.0006,249.21,0.2492,0.0,0.0,2.84,500.0,95302553.32,95.3026
84.0,QRSAM_Class,MIDCOURSE,58320.97,58.321,43059.98,43.06,614.8718,2213.5384,614.8718,526.5155,317.567,-0.0047,-9.8129,9.8129,3.416,0.0006,242.58,0.2426,0.0,0.0,2.77,500.0,94516828.26,94.5168
84.5,QRSAM_Class,MIDCOURSE,58477.3,58.4773,43323.23,43.3232,612.3501,2204.4604,612.3501,526.5131,312.6605,-0.0046,-9.8128,9.8128,3.4019,0.0005,236.21,0.2362,0.0,0.0,2.69,500.0,93743163.09,93.7432
85.0,QRSAM_Class,MIDCOURSE,58631.17,58.6312,43586.49,43.5865,609.8575,2195.4872,609.8575,526.5108,307.7541,-0.0045,-9.8126,9.8126,3.3881,0.0005,230.09,0.2301,0.0,0.0,2.62,500.0,92981556.54,92.9816
85.5,QRSAM_Class,MIDCOURSE,58782.6,58.7826,43849.74,43.8497,607.3945,2186.6201,607.3945,526.5085,302.8478,-0.0044,-9.8125,9.8126,3.3744,0.0005,224.2,0.2242,0.0,0.0,2.56,500.0,92232007.39,92.232
86.0,QRSAM_Class,MIDCOURSE,58931.57,58.9316,44113.0,44.113,604.9612,2177.8603,604.9612,526.5063,297.9415,-0.0043,-9.8125,9.8125,3.3609,0.0005,218.55,0.2185,0.0,0.0,2.49,500.0,91494514.49,91.4945
86.5,QRSAM_Class,MIDCOURSE,59078.09,59.0781,44376.25,44.3762,602.5581,2169.2093,602.5581,526.5041,293.0353,-0.0042,-9.8124,9.8124,3.3475,0.0005,213.11,0.2131,0.0,0.0,2.43,500.0,90769076.74,90.7691
87.0,QRSAM_Class,MIDCOURSE,59222.15,59.2222,44639.5,44.6395,600.1856,2160.6682,600.1856,526.502,288.1291,-0.0042,-9.8123,9.8123,3.3344,0.0005,207.88,0.2079,0.0,0.0,2.37,500.0,90055693.08,90.0557
87.5,QRSAM_Class,MIDCOURSE,59363.76,59.3638,44902.75,44.9028,597.844,2152.2384,597.844,526.4999,283.223,-0.0041,-9.8122,9.8122,3.3214,0.0005,202.85,0.2029,0.0,0.0,2.31,500.0,89354362.5,89.3544
88.0,QRSAM_Class,MIDCOURSE,59502.92,59.5029,45166.0,45.166,595.5337,2143.9212,595.5337,526.4979,278.3169,-0.004,-9.8121,9.8121,3.3085,0.0005,198.02,0.198,0.0,0.0,2.26,500.0,88665084.02,88.6651
88.5,QRSAM_Class,MIDCOURSE,59639.63,59.6396,45429.25,45.4292,593.2549,2135.7178,593.2549,526.4959,273.4109,-0.0039,-9.812,9.812,3.2959,0.0004,193.37,0.1934,0.0,0.0,2.21,500.0,87987856.74,87.9879
89.0,QRSAM_Class,MIDCOURSE,59773.88,59.7739,45692.49,45.6925,591.0082,2127.6296,591.0082,526.4939,268.5048,-0.0038,-9.812,9.812,3.2834,0.0004,188.9,0.1889,0.0,0.0,2.15,500.0,87322679.75,87.3227
89.5,QRSAM_Class,MIDCOURSE,59905.68,59.9057,45955.74,45.9557,588.7939,2119.6579,588.7939,526.492,263.5989,-0.0038,-9.8119,9.8119,3.2711,0.0004,184.61,0.1846,0.0,0.0,2.11,500.0,86669552.22,86.6696
90.0,QRSAM_Class,MIDCOURSE,60035.03,60.035,46218.99,46.219,586.6122,2111.804,586.6122,526.4901,258.6929,-0.0037,-9.8118,9.8118,3.259,0.0004,180.47,0.1805,0.0,0.0,2.06,500.0,86028473.32,86.0285
90.5,QRSAM_Class,MIDCOURSE,60161.92,60.1619,46482.23,46.4822,584.4637,2104.0692,584.4637,526.4883,253.787,-0.0036,-9.8117,9.8117,3.247,0.0004,176.5,0.1765,0.0,0.0,2.01,500.0,85399442.28,85.3994
91.0,QRSAM_Class,MIDCOURSE,60286.36,60.2864,46745.47,46.7455,582.3485,2096.4548,582.3485,526.4865,248.8811,-0.0036,-9.8117,9.8117,3.2353,0.0004,172.68,0.1727,0.0,0.0,1.97,500.0,84782458.35,84.7825
91.5,QRSAM_Class,MIDCOURSE,60408.35,60.4083,47008.71,47.0087,580.2673,2088.9621,580.2673,526.4847,243.9753,-0.0035,-9.8116,9.8116,3.2237,0.0004,169.0,0.169,0.0,0.0,1.93,500.0,84177520.82,84.1775
92.0,QRSAM_Class,MIDCOURSE,60527.88,60.5279,47271.96,47.272,578.2201,2081.5925,578.2201,526.483,239.0695,-0.0034,-9.8116,9.8116,3.2123,0.0004,165.47,0.1655,0.0,0.0,1.89,500.0,83584629.0,83.5846
92.5,QRSAM_Class,MIDCOURSE,60644.96,60.645,47535.2,47.5352,576.2075,2074.3471,576.2075,526.4812,234.1637,-0.0034,-9.8115,9.8115,3.2012,0.0004,162.07,0.1621,0.0,0.0,1.85,500.0,83003782.22,83.0038
93.0,QRSAM_Class,MIDCOURSE,60759.59,60.7596,47798.44,47.7984,574.2298,2067.2275,574.2298,526.4795,229.2579,-0.0033,-9.8114,9.8114,3.1902,0.0004,158.8,0.1588,0.0,0.0,1.81,500.0,82434979.86,82.435
93.5,QRSAM_Class,MIDCOURSE,60871.77,60.8718,48061.68,48.0617,572.2874,2060.2347,572.2874,526.4779,224.3522,-0.0033,-9.8114,9.8114,3.1794,0.0004,155.66,0.1557,0.0,0.0,1.78,500.0,81878221.32,81.8782
94.0,QRSAM_Class,MIDCOURSE,60981.49,60.9815,48324.91,48.3249,570.3806,2053.3701,570.3806,526.4763,219.4465,-0.0032,-9.8113,9.8113,3.1688,0.0004,152.64,0.1526,0.0,0.0,1.74,500.0,81333505.99,81.3335
94.5,QRSAM_Class,MIDCOURSE,61088.76,61.0888,48588.15,48.5882,568.5097,2046.6351,568.5097,526.4746,214.5409,-0.0032,-9.8113,9.8113,3.1584,0.0003,149.74,0.1497,0.0,0.0,1.71,500.0,80800833.34,80.8008
95.0,QRSAM_Class,MIDCOURSE,61193.58,61.1936,48851.39,48.8514,566.6752,2040.0308,566.6752,526.4731,209.6352,-0.0031,-9.8112,9.8112,3.1482,0.0003,146.95,0.147,0.0,0.0,1.68,500.0,80280202.8,80.2802
95.5,QRSAM_Class,MIDCOURSE,61295.95,61.2959,49114.62,49.1146,564.8774,2033.5586,564.8774,526.4715,204.7296,-0.0031,-9.8112,9.8112,3.1382,0.0003,144.28,0.1443,0.0,0.0,1.65,500.0,79771613.88,79.7716
96.0,QRSAM_Class,MIDCOURSE,61395.86,61.3959,49377.86,49.3779,563.1166,2027.2196,563.1166,526.47,199.824,-0.003,-9.8111,9.8111,3.1284,0.0003,141.7,0.1417,0.0,0.0,1.62,500.0,79275066.07,79.2751
96.5,QRSAM_Class,MIDCOURSE,61493.32,61.4933,49641.09,49.6411,561.3931,2021.0152,561.3931,526.4685,194.9184,-0.003,-9.8111,9.8111,3.1189,0.0003,139.23,0.1392,0.0,0.0,1.59,500.0,78790558.89,78.7906
97.0,QRSAM_Class,MIDCOURSE,61588.32,61.5883,49904.33,49.9043,559.7074,2014.9466,559.7074,526.467,190.0129,-0.0029,-9.8111,9.8111,3.1095,0.0003,136.86,0.1369,0.0,0.0,1.56,500.0,78318091.88,78.3181
97.5,QRSAM_Class,MIDCOURSE,61680.88,61.6809,50167.56,50.1676,558.0597,2009.015,558.0597,526.4655,185.1073,-0.0029,-9.811,9.811,3.1003,0.0003,134.58,0.1346,0.0,0.0,1.53,500.0,77857664.59,77.8577
98.0,QRSAM_Class,MIDCOURSE,61770.98,61.771,50430.79,50.4308,556.4505,2003.2216,556.4505,526.4641,180.2018,-0.0029,-9.811,9.811,3.0914,0.0003,132.39,0.1324,0.0,0.0,1.51,500.0,77409276.6,77.4093
98.5,QRSAM_Class,MIDCOURSE,61858.63,61.8586,50694.02,50.694,554.8799,1997.5677,554.8799,526.4626,175.2963,-0.0028,-9.8109,9.8109,3.0827,0.0003,130.3,0.1303,0.0,0.0,1.49,500.0,76972927.48,76.9729
99.0,QRSAM_Class,MIDCOURSE,61943.82,61.9438,50957.25,50.9573,553.3484,1992.0543,553.3484,526.4612,170.3909,-0.0028,-9.8109,9.8109,3.0742,0.0003,128.29,0.1283,0.0,0.0,1.46,500.0,76548616.86,76.5486
99.5,QRSAM_Class,MIDCOURSE,62026.56,62.0266,51220.48,51.2205,551.8563,1986.6827,551.8563,526.4598,165.4854,-0.0027,-9.8109,9.8109,3.0659,0.0003,126.36,0.1264,0.0,0.0,1.44,500.0,76136344.33,76.1363
100.0,QRSAM_Class,MIDCOURSE,62106.85,62.1069,51483.71,51.4837,550.4039,1981.454,550.4039,526.4585,160.58,-0.0027,-9.8108,9.8108,3.0578,0.0003,124.51,0.1245,0.0,0.0,1.42,500.0,75736109.53,75.7361
100.5,QRSAM_Class,MIDCOURSE,62184.69,62.1847,51746.94,51.7469,548.9915,1976.3693,548.9915,526.4571,155.6746,-0.0027,-9.8108,9.8108,3.05,0.0003,122.75,0.1227,0.0,0.0,1.4,500.0,75347912.09,75.3479
101.0,QRSAM_Class,MIDCOURSE,62260.08,62.2601,52010.17,52.0102,547.6194,1971.4298,547.6194,526.4558,150.7692,-0.0027,-9.8108,9.8108,3.0423,0.0003,121.05,0.1211,0.0,0.0,1.38,500.0,74971751.68,74.9718
101.5,QRSAM_Class,MIDCOURSE,62333.01,62.333,52273.4,52.2734,546.2879,1966.6366,546.2879,526.4544,145.8638,-0.0026,-9.8107,9.8107,3.0349,0.0003,119.44,0.1194,0.0,0.0,1.36,500.0,74607627.95,74.6076
102.0,QRSAM_Class,MIDCOURSE,62403.49,62.4035,52536.62,52.5366,544.9974,1961.9906,544.9974,526.4531,140.9584,-0.0026,-9.8107,9.8107,3.0278,0.0003,117.89,0.1179,0.0,0.0,1.34,500.0,74255540.59,74.2555
102.5,QRSAM_Class,MIDCOURSE,62471.51,62.4715,52799.85,52.7998,543.7481,1957.493,543.7481,526.4518,136.0531,-0.0026,-9.8107,9.8107,3.0208,0.0003,116.42,0.1164,0.0,0.0,1.33,500.0,73915489.27,73.9155
103.0,QRSAM_Class,MIDCOURSE,62537.09,62.5371,53063.07,53.0631,542.5402,1953.1448,542.5402,526.4505,131.1478,-0.0025,-9.8106,9.8106,3.0141,0.0003,115.01,0.115,0.0,0.0,1.31,500.0,73587473.69,73.5875
103.5,QRSAM_Class,MIDCOURSE,62600.21,62.6002,53326.3,53.3263,541.3742,1948.947,541.3742,526.4493,126.2424,-0.0025,-9.8106,9.8106,3.0076,0.0003,113.67,0.1137,0.0,0.0,1.3,500.0,73271493.56,73.2715
104.0,QRSAM_Class,MIDCOURSE,62660.88,62.6609,53589.52,53.5895,540.2501,1944.9004,540.2501,526.448,121.3371,-0.0025,-9.8106,9.8106,3.0014,0.0003,112.39,0.1124,0.0,0.0,1.28,500.0,72967548.58,72.9675
104.5,QRSAM_Class,MIDCOURSE,62719.09,62.7191,53852.75,53.8527,539.1684,1941.0062,539.1684,526.4467,116.4319,-0.0025,-9.8105,9.8105,2.9954,0.0003,111.18,0.1112,0.0,0.0,1.27,500.0,72675638.49,72.6756
105.0,QRSAM_Class,MIDCOURSE,62774.86,62.7749,54115.97,54.116,538.1292,1937.2652,538.1292,526.4455,111.5266,-0.0025,-9.8105,9.8105,2.9896,0.0003,110.03,0.11,0.0,0.0,1.25,500.0,72395763.0,72.3958
105.5,QRSAM_Class,MIDCOURSE,62828.17,62.8282,54379.19,54.3792,537.1328,1933.6782,537.1328,526.4443,106.6213,-0.0024,-9.8105,9.8105,2.9841,0.0003,108.93,0.1089,0.0,0.0,1.24,500.0,72127921.86,72.1279
106.0,QRSAM_Class,MIDCOURSE,62879.02,62.879,54642.41,54.6424,536.1795,1930.2462,536.1795,526.4431,101.7161,-0.0024,-9.8105,9.8105,2.9788,0.0003,107.9,0.1079,0.0,0.0,1.23,500.0,71872114.8,71.8721
106.5,QRSAM_Class,MIDCOURSE,62927.43,62.9274,54905.63,54.9056,535.2694,1926.97,535.2694,526.4419,96.8108,-0.0024,-9.8104,9.8104,2.9737,0.0002,106.92,0.1069,0.0,0.0,1.22,500.0,71628341.59,71.6283
107.0,QRSAM_Class,MIDCOURSE,62973.38,62.9734,55168.85,55.1689,534.4029,1923.8503,534.4029,526.4407,91.9056,-0.0024,-9.8104,9.8104,2.9689,0.0002,106.0,0.106,0.0,0.0,1.21,500.0,71396601.97,71.3966
107.5,QRSAM_Class,MIDCOURSE,63016.88,63.0169,55432.07,55.4321,533.58,1920.8879,533.58,526.4395,87.0004,-0.0024,-9.8104,9.8104,2.9643,0.0002,105.14,0.1051,0.0,0.0,1.2,500.0,71176895.7,71.1769
108.0,QRSAM_Class,MIDCOURSE,63057.93,63.0579,55695.29,55.6953,532.801,1918.0835,532.801,526.4383,82.0952,-0.0024,-9.8104,9.8104,2.96,0.0002,104.32,0.1043,0.0,0.0,1.19,500.0,70969222.56,70.9692
108.5,QRSAM_Class,MIDCOURSE,63096.53,63.0965,55958.51,55.9585,532.0661,1915.4379,532.0661,526.4371,77.19,-0.0023,-9.8103,9.8103,2.9559,0.0002,103.57,0.1036,0.0,0.0,1.18,500.0,70773582.31,70.7736
109.0,QRSAM_Class,MIDCOURSE,63132.67,63.1327,56221.73,56.2217,531.3755,1912.9517,531.3755,526.4359,72.2849,-0.0023,-9.8103,9.8103,2.9521,0.0002,102.86,0.1029,0.0,0.0,1.17,500.0,70589974.73,70.59
109.5,QRSAM_Class,MIDCOURSE,63166.36,63.1664,56484.95,56.4849,530.7293,1910.6255,530.7293,526.4348,67.3797,-0.0023,-9.8103,9.8103,2.9485,0.0002,102.2,0.1022,0.0,0.0,1.17,500.0,70418399.61,70.4184
110.0,QRSAM_Class,MIDCOURSE,63197.6,63.1976,56748.16,56.7482,530.1277,1908.4599,530.1277,526.4336,62.4746,-0.0023,-9.8103,9.8103,2.9452,0.0002,101.6,0.1016,0.0,0.0,1.16,500.0,70258856.73,70.2589
110.5,QRSAM_Class,MIDCOURSE,63226.38,63.2264,57011.38,57.0114,529.5709,1906.4554,529.5709,526.4325,57.5694,-0.0023,-9.8103,9.8103,2.9421,0.0002,101.04,0.101,0.0,0.0,1.15,500.0,70111345.88,70.1113
111.0,QRSAM_Class,MIDCOURSE,63252.71,63.2527,57274.59,57.2746,529.059,1904.6125,529.059,526.4313,52.6643,-0.0023,-9.8102,9.8102,2.9392,0.0002,100.53,0.1005,0.0,0.0,1.15,500.0,69975866.84,69.9759
111.5,QRSAM_Class,MIDCOURSE,63276.59,63.2766,57537.81,57.5378,528.5922,1902.9318,528.5922,526.4302,47.7592,-0.0023,-9.8102,9.8102,2.9366,0.0002,100.08,0.1001,0.0,0.0,1.14,500.0,69852419.43,69.8524
112.0,QRSAM_Class,MIDCOURSE,63298.02,63.298,57801.02,57.801,528.1704,1901.4136,528.1704,526.429,42.8541,-0.0023,-9.8102,9.8102,2.9343,0.0002,99.66,0.0997,0.0,0.0,1.14,500.0,69741003.43,69.741
112.5,QRSAM_Class,MIDCOURSE,63316.99,63.317,58064.24,58.0642,527.794,1900.0583,527.794,526.4279,37.949,-0.0023,-9.8102,9.8102,2.9322,0.0002,99.3,0.0993,0.0,0.0,1.13,500.0,69641618.65,69.6416
113.0,QRSAM_Class,MIDCOURSE,63333.52,63.3335,58327.45,58.3275,527.4629,1898.8663,527.4629,526.4268,33.0439,-0.0023,-9.8101,9.8101,2.9303,0.0002,98.98,0.099,0.0,0.0,1.13,500.0,69554264.89,69.5543
113.5,QRSAM_Class,MIDCOURSE,63347.58,63.3476,58590.66,58.5907,527.1772,1897.8378,527.1772,526.4257,28.1388,-0.0022,-9.8101,9.8101,2.9288,0.0002,98.71,0.0987,0.0,0.0,1.13,500.0,69478941.95,69.4789
114.0,QRSAM_Class,MIDCOURSE,63359.2,63.3592,58853.88,58.8539,526.937,1896.9732,526.937,526.4245,23.2338,-0.0022,-9.8101,9.8101,2.9274,0.0002,98.49,0.0985,0.0,0.0,1.12,500.0,69415649.66,69.4156
114.5,QRSAM_Class,MIDCOURSE,63368.37,63.3684,59117.09,59.1171,526.7424,1896.2726,526.7424,526.4234,18.3287,-0.0022,-9.8101,9.8101,2.9263,0.0002,98.31,0.0983,0.0,0.0,1.12,500.0,69364387.8,69.3644
115.0,QRSAM_Class,MIDCOURSE,63375.08,63.3751,59380.3,59.3803,526.5934,1895.7363,526.5934,526.4223,13.4237,-0.0022,-9.8101,9.8101,2.9255,0.0002,98.18,0.0982,0.0,0.0,1.12,500.0,69325156.2,69.3252
115.5,QRSAM_Class,MIDCOURSE,63379.34,63.3793,59643.51,59.6435,526.4901,1895.3643,526.4901,526.4212,8.5187,-0.0022,-9.81,9.81,2.9249,0.0002,98.09,0.0981,0.0,0.0,1.12,500.0,69297954.67,69.298
116.0,QRSAM_Class,MIDCOURSE,63381.14,63.3811,59906.72,59.9067,526.4325,1895.1568,526.4325,526.4201,3.6136,-0.0022,-9.81,9.81,2.9246,0.0002,98.05,0.098,0.0,0.0,1.12,500.0,69282783.01,69.2828
116.5,QRSAM_Class,MIDCOURSE,63380.5,63.3805,60169.93,60.1699,526.4205,1895.1139,526.4205,526.4189,-1.2914,-0.0022,-9.81,9.81,2.9246,0.0002,98.05,0.098,0.0,0.0,1.12,500.0,69279641.05,69.2796
117.0,QRSAM_Class,MIDCOURSE,63377.4,63.3774,60433.14,60.4331,526.4543,1895.2354,526.4543,526.4178,-6.1964,-0.0022,-9.81,9.81,2.9247,0.0002,98.1,0.0981,0.0,0.0,1.12,500.0,69288528.58,69.2885
117.5,QRSAM_Class,MIDCOURSE,63371.85,63.3718,60696.35,60.6963,526.5337,1895.5215,526.5337,526.4167,-11.1014,-0.0022,-9.81,9.81,2.9252,0.0002,98.19,0.0982,0.0,0.0,1.12,500.0,69309445.44,69.3094
118.0,QRSAM_Class,MIDCOURSE,63363.85,63.3638,60959.55,60.9596,526.6589,1895.9719,526.6589,526.4156,-16.0063,-0.0022,-9.8099,9.8099,2.9259,0.0002,98.33,0.0983,0.0,0.0,1.12,500.0,69342391.42,69.3424
118.5,QRSAM_Class,MIDCOURSE,63353.39,63.3534,61222.76,61.2228,526.8296,1896.5867,526.8296,526.4145,-20.9113,-0.0022,-9.8099,9.8099,2.9268,0.0002,98.51,0.0985,0.0,0.0,1.12,500.0,69387366.35,69.3874
119.0,QRSAM_Class,MIDCOURSE,63340.48,63.3405,61485.97,61.486,527.046,1897.3656,527.046,526.4133,-25.8163,-0.0022,-9.8099,9.8099,2.928,0.0002,98.75,0.0987,0.0,0.0,1.13,500.0,69444370.02,69.4444
119.5,QRSAM_Class,MIDCOURSE,63325.12,63.3251,61749.17,61.7492,527.3079,1898.3084,527.3079,526.4122,-30.7212,-0.0023,-9.8099,9.8099,2.9295,0.0002,99.02,0.099,0.0,0.0,1.13,500.0,69513402.26,69.5134
120.0,QRSAM_Class,MIDCOURSE,63307.31,63.3073,62012.38,62.0124,527.6152,1899.4149,527.6152,526.4111,-35.6261,-0.0023,-9.8098,9.8098,2.9312,0.0002,99.35,0.0993,0.0,0.0,1.13,500.0,69594462.87,69.5945
120.5,QRSAM_Class,MIDCOURSE,63287.04,63.287,62275.59,62.2756,527.968,1900.6848,527.968,526.41,-40.5311,-0.0023,-9.8098,9.8098,2.9332,0.0002,99.72,0.0997,0.0,0.0,1.14,500.0,69687551.66,69.6876
121.0,QRSAM_Class,MIDCOURSE,63264.33,63.2643,62538.79,62.5388,528.366,1902.1177,528.366,526.4088,-45.436,-0.0023,-9.8098,9.8098,2.9354,0.0002,100.13,0.1001,0.0,0.0,1.14,500.0,69792668.43,69.7927
121.5,QRSAM_Class,MIDCOURSE,63239.15,63.2392,62801.99,62.802,528.8093,1903.7134,528.8093,526.4077,-50.3409,-0.0023,-9.8098,9.8098,2.9378,0.0002,100.6,0.1006,0.0,0.0,1.15,500.0,69909812.99,69.9098
122.0,QRSAM_Class,MIDCOURSE,63211.53,63.2115,63065.2,63.0652,529.2976,1905.4713,529.2976,526.4065,-55.2458,-0.0023,-9.8098,9.8098,2.9405,0.0002,101.11,0.1011,0.0,0.0,1.15,500.0,70038985.13,70.039
122.5,QRSAM_Class,MIDCOURSE,63181.46,63.1815,63328.4,63.3284,529.8309,1907.3911,529.8309,526.4054,-60.1506,-0.0023,-9.8097,9.8097,2.9435,0.0002,101.68,0.1017,0.0,0.0,1.16,500.0,70180184.66,70.1802
123.0,QRSAM_Class,MIDCOURSE,63148.93,63.1489,63591.6,63.5916,530.4089,1909.4722,530.4089,526.4042,-65.0555,-0.0023,-9.8097,9.8097,2.9467,0.0002,102.29,0.1023,0.0,0.0,1.17,500.0,70333411.38,70.3334
123.5,QRSAM_Class,MIDCOURSE,63113.95,63.1139,63854.8,63.8548,531.0317,1911.7141,531.0317,526.4031,-69.9604,-0.0023,-9.8097,9.8097,2.9502,0.0002,102.95,0.103,0.0,0.0,1.17,500.0,70498665.06,70.4987
124.0,QRSAM_Class,MIDCOURSE,63076.52,63.0765,64118.0,64.118,531.699,1914.1162,531.699,526.4019,-74.8652,-0.0023,-9.8097,9.8097,2.9539,0.0002,103.67,0.1037,0.0,0.0,1.18,500.0,70675945.51,70.6759
124.5,QRSAM_Class,MIDCOURSE,63036.63,63.0366,64381.2,64.3812,532.4106,1916.678,532.4106,526.4007,-79.77,-0.0024,-9.8096,9.8096,2.9578,0.0002,104.43,0.1044,0.0,0.0,1.19,500.0,70865252.51,70.8653
125.0,QRSAM_Class,MIDCOURSE,62994.29,62.9943,64644.4,64.6444,533.1663,1919.3988,533.1663,526.3996,-84.6749,-0.0024,-9.8096,9.8096,2.962,0.0002,105.25,0.1053,0.0,0.0,1.2,500.0,71066585.83,71.0666
125.5,QRSAM_Class,MIDCOURSE,62949.5,62.9495,64907.6,64.9076,533.9661,1922.2779,533.9661,526.3984,-89.5797,-0.0024,-9.8096,9.8096,2.9665,0.0002,106.13,0.1061,0.0,0.0,1.21,500.0,71279945.26,71.2799
126.0,QRSAM_Class,MIDCOURSE,62902.26,62.9023,65170.8,65.1708,534.8096,1925.3146,534.8096,526.3972,-94.4845,-0.0024,-9.8096,9.8096,2.9712,0.0002,107.06,0.1071,0.0,0.0,1.22,500.0,71505330.56,71.5053
126.5,QRSAM_Class,MIDCOURSE,62852.57,62.8526,65434.0,65.434,535.6967,1928.5082,535.6967,526.396,-99.3893,-0.0024,-9.8095,9.8095,2.9761,0.0003,108.04,0.108,0.0,0.0,1.23,500.0,71742741.5,71.7427
127.0,QRSAM_Class,MIDCOURSE,62800.42,62.8004,65697.2,65.6972,536.6272,1931.8578,536.6272,526.3948,-104.294,-0.0024,-9.8095,9.8095,2.9813,0.0003,109.08,0.1091,0.0,0.0,1.24,500.0,71992177.84,71.9922
127.5,QRSAM_Class,MIDCOURSE,62745.82,62.7458,65960.39,65.9604,537.6007,1935.3627,537.6007,526.3936,-109.1988,-0.0025,-9.8095,9.8095,2.9867,0.0003,110.19,0.1102,0.0,0.0,1.26,500.0,72253639.34,72.2536
128.0,QRSAM_Class,MIDCOURSE,62688.77,62.6888,66223.59,66.2236,538.6172,1939.022,538.6172,526.3923,-114.1035,-0.0025,-9.8095,9.8095,2.9923,0.0003,111.35,0.1113,0.0,0.0,1.27,500.0,72527125.74,72.5271
128.5,QRSAM_Class,MIDCOURSE,62629.26,62.6293,66486.79,66.4868,539.6763,1942.8348,539.6763,526.3911,-119.0083,-0.0025,-9.8094,9.8094,2.9982,0.0003,112.57,0.1126,0.0,0.0,1.28,500.0,72812636.78,72.8126
129.0,QRSAM_Class,MIDCOURSE,62567.31,62.5673,66749.98,66.75,540.7779,1946.8003,540.7779,526.3898,-123.913,-0.0025,-9.8094,9.8094,3.0043,0.0003,113.86,0.1139,0.0,0.0,1.3,500.0,73110172.21,73.1102
129.5,QRSAM_Class,MIDCOURSE,62502.9,62.5029,67013.18,67.0132,541.9215,1950.9174,541.9215,526.3886,-128.8177,-0.0026,-9.8094,9.8094,3.0107,0.0003,115.21,0.1152,0.0,0.0,1.31,500.0,73419731.74,73.4197
130.0,QRSAM_Class,MIDCOURSE,62436.04,62.436,67276.37,67.2764,543.107,1955.1854,543.107,526.3873,-133.7224,-0.0026,-9.8093,9.8093,3.0173,0.0003,116.63,0.1166,0.0,0.0,1.33,500.0,73741315.11,73.7413
130.5,QRSAM_Class,MIDCOURSE,62366.72,62.3667,67539.56,67.5396,544.3342,1959.603,544.3342,526.386,-138.627,-0.0026,-9.8093,9.8093,3.0241,0.0003,118.11,0.1181,0.0,0.0,1.35,500.0,74074922.01,74.0749
131.0,QRSAM_Class,MIDCOURSE,62294.96,62.295,67802.75,67.8028,545.6026,1964.1694,545.6026,526.3847,-143.5317,-0.0026,-9.8093,9.8093,3.0311,0.0003,119.67,0.1197,0.0,0.0,1.36,500.0,74420552.14,74.4206
131.5,QRSAM_Class,MIDCOURSE,62220.74,62.2207,68065.95,68.0659,546.9121,1968.8835,546.9121,526.3834,-148.4363,-0.0027,-9.8092,9.8092,3.0384,0.0003,121.3,0.1213,0.0,0.0,1.38,500.0,74778205.22,74.7782
132.0,QRSAM_Class,MIDCOURSE,62144.07,62.1441,68329.14,68.3291,548.2623,1973.7442,548.2623,526.3821,-153.341,-0.0027,-9.8092,9.8092,3.0459,0.0003,123.01,0.123,0.0,0.0,1.4,500.0,75147880.91,75.1479
132.5,QRSAM_Class,MIDCOURSE,62064.95,62.0649,68592.33,68.5923,549.6529,1978.7505,549.6529,526.3807,-158.2456,-0.0027,-9.8092,9.8092,3.0536,0.0003,124.79,0.1248,0.0,0.0,1.42,500.0,75529578.88,75.5296
133.0,QRSAM_Class,MIDCOURSE,61983.37,61.9834,68855.52,68.8555,551.0837,1983.9012,551.0837,526.3793,-163.1502,-0.0028,-9.8091,9.8091,3.0616,0.0003,126.65,0.1266,0.0,0.0,1.44,500.0,75923298.81,75.9233
133.5,QRSAM_Class,MIDCOURSE,61899.34,61.8993,69118.71,69.1187,552.5542,1989.1952,552.5542,526.378,-168.0547,-0.0028,-9.8091,9.8091,3.0697,0.0003,128.59,0.1286,0.0,0.0,1.47,500.0,76329040.34,76.329
134.0,QRSAM_Class,MIDCOURSE,61812.87,61.8129,69381.89,69.3819,554.0643,1994.6314,554.0643,526.3766,-172.9593,-0.0028,-9.8091,9.8091,3.0781,0.0003,130.61,0.1306,0.0,0.0,1.49,500.0,76746803.11,76.7468
134.5,QRSAM_Class,MIDCOURSE,61723.93,61.7239,69645.08,69.6451,555.6135,2000.2086,555.6135,526.3752,-177.8638,-0.0029,-9.809,9.809,3.0867,0.0003,132.73,0.1327,0.0,0.0,1.51,500.0,77176586.74,77.1766
135.0,QRSAM_Class,MIDCOURSE,61632.55,61.6325,69908.27,69.9083,557.2015,2005.9256,557.2015,526.3737,-182.7683,-0.0029,-9.809,9.809,3.0956,0.0003,134.93,0.1349,0.0,0.0,1.54,500.0,77618390.85,77.6184
135.5,QRSAM_Class,MIDCOURSE,61538.71,61.5387,70171.45,70.1715,558.8281,2011.7812,558.8281,526.3723,-187.6728,-0.0029,-9.8089,9.8089,3.1046,0.0003,137.23,0.1372,0.0,0.0,1.56,500.0,78072215.03,78.0722
136.0,QRSAM_Class,MIDCOURSE,61442.42,61.4424,70434.64,70.4346,560.4929,2017.7743,560.4929,526.3708,-192.5773,-0.003,-9.8089,9.8089,3.1138,0.0003,139.62,0.1396,0.0,0.0,1.59,500.0,78538058.88,78.5381
136.5,QRSAM_Class,MIDCOURSE,61343.68,61.3437,70697.82,70.6978,562.1954,2023.9035,562.1954,526.3693,-197.4818,-0.003,-9.8089,9.8089,3.1233,0.0003,142.11,0.1421,0.0,0.0,1.62,500.0,79015921.94,79.0159
137.0,QRSAM_Class,MIDCOURSE,61242.49,61.2425,70961.01,70.961,563.9355,2030.1677,563.9355,526.3678,-202.3862,-0.0031,-9.8088,9.8088,3.133,0.0003,144.7,0.1447,0.0,0.0,1.65,500.0,79505803.79,79.5058
137.5,QRSAM_Class,MIDCOURSE,61138.84,61.1388,71224.19,71.2242,565.7127,2036.5656,565.7127,526.3662,-207.2906,-0.0031,-9.8088,9.8088,3.1428,0.0003,147.4,0.1474,0.0,0.0,1.68,500.0,80007703.94,80.0077
138.0,QRSAM_Class,MIDCOURSE,61032.75,61.0327,71487.37,71.4874,567.5266,2043.0959,567.5266,526.3647,-212.195,-0.0032,-9.8087,9.8087,3.1529,0.0003,150.21,0.1502,0.0,0.0,1.71,500.0,80521621.92,80.5216
138.5,QRSAM_Class,MIDCOURSE,60924.2,60.9242,71750.56,71.7506,569.3771,2049.7574,569.3771,526.3631,-217.0993,-0.0032,-9.8087,9.8087,3.1632,0.0004,153.14,0.1531,0.0,0.0,1.75,500.0,81047557.22,81.0476
139.0,QRSAM_Class,MIDCOURSE,60813.2,60.8132,72013.74,72.0137,571.2635,2056.5488,571.2635,526.3615,-222.0037,-0.0033,-9.8086,9.8086,3.1737,0.0004,156.18,0.1562,0.0,0.0,1.78,500.0,81585509.33,81.5855
139.5,QRSAM_Class,MIDCOURSE,60699.74,60.6997,72276.92,72.2769,573.1858,2063.4687,573.1858,526.3598,-226.908,-0.0033,-9.8086,9.8086,3.1844,0.0004,159.34,0.1593,0.0,0.0,1.82,500.0,82135477.69,82.1355
140.0,QRSAM_Class,MIDCOURSE,60583.84,60.5838,72540.1,72.5401,575.1433,2070.516,575.1433,526.3582,-231.8123,-0.0034,-9.8085,9.8085,3.1952,0.0004,162.64,0.1626,0.0,0.0,1.85,500.0,82697461.74,82.6975
140.5,QRSAM_Class,MIDCOURSE,60465.48,60.4655,72803.27,72.8033,577.1359,2077.6892,577.1359,526.3565,-236.7165,-0.0035,-9.8084,9.8084,3.2063,0.0004,166.06,0.1661,0.0,0.0,1.89,500.0,83271460.89,83.2715
141.0,QRSAM_Class,MIDCOURSE,60344.67,60.3447,73066.45,73.0665,579.1631,2084.9872,579.1631,526.3547,-241.6207,-0.0035,-9.8084,9.8084,3.2176,0.0004,169.62,0.1696,0.0,0.0,1.93,500.0,83857474.53,83.8575
141.5,QRSAM_Class,MIDCOURSE,60221.4,60.2214,73329.63,73.3296,581.2246,2092.4085,581.2246,526.353,-246.5249,-0.0036,-9.8083,9.8083,3.229,0.0004,173.33,0.1733,0.0,0.0,1.98,500.0,84455502.02,84.4555
142.0,QRSAM_Class,MIDCOURSE,60095.69,60.0957,73592.8,73.5928,583.32,2099.9518,583.32,526.3512,-251.4291,-0.0036,-9.8083,9.8083,3.2407,0.0004,177.18,0.1772,0.0,0.0,2.02,500.0,85065542.7,85.0655
142.5,QRSAM_Class,MIDCOURSE,59967.52,59.9675,73855.98,73.856,585.4489,2107.6159,585.4489,526.3494,-256.3332,-0.0037,-9.8082,9.8082,3.2525,0.0004,181.19,0.1812,0.0,0.0,2.07,500.0,85687595.86,85.6876
143.0,QRSAM_Class,MIDCOURSE,59836.9,59.8369,74119.15,74.1192,587.611,2115.3995,587.611,526.3475,-261.2373,-0.0038,-9.8081,9.8081,3.2645,0.0004,185.36,0.1854,0.0,0.0,2.11,500.0,86321660.79,86.3217
143.5,QRSAM_Class,MIDCOURSE,59703.83,59.7038,74382.32,74.3823,589.8059,2123.3011,589.8059,526.3456,-266.1414,-0.0039,-9.808,9.808,3.2767,0.0004,189.69,0.1897,0.0,0.0,2.16,500.0,86967736.73,86.9677
144.0,QRSAM_Class,MIDCOURSE,59568.31,59.5683,74645.5,74.6455,592.0332,2131.3195,592.0332,526.3437,-271.0454,-0.0039,-9.808,9.808,3.2891,0.0005,194.2,0.1942,0.0,0.0,2.21,500.0,87625822.89,87.6258
144.5,QRSAM_Class,MIDCOURSE,59430.34,59.4303,74908.67,74.9087,594.2926,2139.4533,594.2926,526.3417,-275.9494,-0.004,-9.8079,9.8079,3.3016,0.0005,198.89,0.1989,0.0,0.0,2.27,500.0,88295918.46,88.2959
145.0,QRSAM_Class,MIDCOURSE,59289.91,59.2899,75171.84,75.1718,596.5837,2147.7013,596.5837,526.3397,-280.8533,-0.0041,-9.8078,9.8078,3.3144,0.0005,203.76,0.2038,0.0,0.0,2.32,500.0,88978022.57,88.978
145.5,QRSAM_Class,MIDCOURSE,59147.03,59.147,75435.01,75.435,598.9061,2156.062,598.9061,526.3377,-285.7572,-0.0042,-9.8077,9.8077,3.3273,0.0005,208.83,0.2088,0.0,0.0,2.38,500.0,89672134.32,89.6721
146.0,QRSAM_Class,MIDCOURSE,59001.7,59.0017,75698.17,75.6982,601.2595,2164.5343,601.2595,526.3356,-290.6611,-0.0043,-9.8076,9.8076,3.3403,0.0005,214.11,0.2141,0.0,0.0,2.44,500.0,90378252.79,90.3783
146.5,QRSAM_Class,MIDCOURSE,58853.92,58.8539,75961.34,75.9613,603.6435,2173.1167,603.6435,526.3334,-295.5649,-0.0044,-9.8075,9.8075,3.3536,0.0005,219.59,0.2196,0.0,0.0,2.5,500.0,91096377.0,91.0964
147.0,QRSAM_Class,MIDCOURSE,58703.68,58.7037,76224.51,76.2245,606.0578,2181.808,606.0578,526.3312,-300.4687,-0.0045,-9.8075,9.8075,3.367,0.0005,225.3,0.2253,0.0,0.0,2.57,500.0,91826505.91,91.8265
147.5,QRSAM_Class,MIDCOURSE,58551.0,58.551,76487.67,76.4877,608.5019,2190.6068,608.5019,526.329,-305.3724,-0.0046,-9.8074,9.8074,3.3806,0.0005,231.24,0.2312,0.0,0.0,2.64,500.0,92568638.47,92.5686
148.0,QRSAM_Class,MIDCOURSE,58395.86,58.3959,76750.83,76.7508,610.9755,2199.5119,610.9755,526.3267,-310.2761,-0.0047,-9.8073,9.8073,3.3943,0.0006,237.41,0.2374,0.0,0.0,2.71,500.0,93322773.56,93.3228
148.5,QRSAM_Class,MIDCOURSE,58238.27,58.2383,77014.0,77.014,613.4783,2208.5219,613.4783,526.3244,-315.1797,-0.0048,-9.8071,9.8071,3.4082,0.0006,243.84,0.2438,0.0,0.0,2.78,500.0,94088910.0,94.0889
149.0,QRSAM_Class,MIDCOURSE,58078.23,58.0782,77277.16,77.2772,616.0099,2217.6356,616.0099,526.322,-320.0833,-0.0049,-9.807,9.807,3.4223,0.0006,250.53,0.2505,0.0,0.0,2.86,500.0,94867046.57,94.867
149.5,QRSAM_Class,MIDCOURSE,57915.73,57.9157,77540.32,77.5403,618.5699,2226.8517,618.5699,526.3196,-324.9868,-0.005,-9.8069,9.8069,3.4365,0.0006,257.49,0.2575,0.0,0.0,2.94,500.0,95657182.0,95.6572
150.0,QRSAM_Class,MIDCOURSE,57750.79,57.7508,77803.48,77.8035,621.158,2236.1688,621.158,526.3171,-329.8903,-0.0051,-9.8068,9.8068,3.4509,0.0006,264.74,0.2647,0.0,0.0,3.02,500.0,96459314.95,96.4593
150.5,QRSAM_Class,MIDCOURSE,57583.39,57.5834,78066.63,78.0666,623.7738,2245.5857,623.7738,526.3145,-334.7937,-0.0052,-9.8067,9.8067,3.4654,0.0006,272.29,0.2723,0.0,0.0,3.11,500.0,97273444.01,97.2734
151.0,QRSAM_Class,MIDCOURSE,57413.54,57.4135,78329.79,78.3298,626.417,2255.1012,626.417,526.3119,-339.697,-0.0054,-9.8065,9.8065,3.4801,0.0007,280.14,0.2801,0.0,0.0,3.19,500.0,98099567.71,98.0996
151.5,QRSAM_Class,MIDCOURSE,57241.24,57.2412,78592.94,78.5929,629.0872,2264.714,629.0872,526.3092,-344.6003,-0.0055,-9.8064,9.8064,3.4949,0.0007,288.32,0.2883,0.0,0.0,3.29,500.0,98937684.52,98.9377
152.0,QRSAM_Class,MIDCOURSE,57066.49,57.0665,78856.1,78.8561,631.7841,2274.4228,631.7841,526.3065,-349.5035,-0.0056,-9.8063,9.8063,3.5099,0.0007,296.84,0.2968,0.0,0.0,3.39,500.0,99787792.82,99.7878
152.5,QRSAM_Class,MIDCOURSE,56889.29,56.8893,79119.25,79.1192,634.5073,2284.2264,634.5073,526.3036,-354.4066,-0.0058,-9.8061,9.8061,3.525,0.0007,305.71,0.3057,0.0,0.0,3.49,500.0,100649890.91,100.6499
153.0,QRSAM_Class,MIDCOURSE,56709.63,56.7096,79382.4,79.3824,637.2565,2294.1236,637.2565,526.3008,-359.3097,-0.0059,-9.8059,9.806,3.5403,0.0007,314.95,0.315,0.0,0.0,3.59,500.0,101523977.04,101.524
153.5,QRSAM_Class,MIDCOURSE,56527.53,56.5275,79645.55,79.6455,640.0314,2304.1131,640.0314,526.2978,-364.2126,-0.0061,-9.8058,9.8058,3.5557,0.0008,324.58,0.3246,0.0,0.0,3.7,500.0,102410049.35,102.41
154.0,QRSAM_Class,MIDCOURSE,56342.97,56.343,79908.69,79.9087,642.8316,2314.1936,642.8316,526.2947,-369.1155,-0.0062,-9.8056,9.8056,3.5713,0.0008,334.61,0.3346,0.0,0.0,3.82,500.0,103308105.87,103.3081
154.5,QRSAM_Class,MIDCOURSE,56155.96,56.156,80171.84,80.1718,645.6567,2324.3641,645.6567,526.2916,-374.0183,-0.0064,-9.8054,9.8054,3.587,0.0008,345.07,0.3451,0.0,0.0,3.94,500.0,104218144.58,104.2181
155.0,QRSAM_Class,MIDCOURSE,55966.5,55.9665,80434.98,80.435,648.5065,2334.6233,648.5065,526.2884,-378.9211,-0.0066,-9.8053,9.8053,3.6028,0.0008,355.97,0.356,0.0,0.0,4.06,500.0,105140163.32,105.1402
155.5,QRSAM_Class,MIDCOURSE,55774.59,55.7746,80698.13,80.6981,651.3806,2344.97,651.3806,526.2851,-383.8237,-0.0068,-9.8051,9.8051,3.6188,0.0009,367.33,0.3673,0.0,0.0,4.19,500.0,106074159.85,106.0742
156.0,QRSAM_Class,MIDCOURSE,55580.23,55.5802,80961.27,80.9613,654.2786,2355.4031,654.2786,526.2817,-388.7262,-0.007,-9.8049,9.8049,3.6349,0.0009,379.18,0.3792,0.0,0.0,4.32,500.0,107020131.8,107.0201
156.5,QRSAM_Class,MIDCOURSE,55383.41,55.3834,81224.41,81.2244,657.2004,2365.9213,657.2004,526.2783,-393.6286,-0.0072,-9.8047,9.8047,3.6511,0.0009,391.54,0.3915,0.0,0.0,4.47,500.0,107978076.69,107.9781
157.0,QRSAM_Class,MIDCOURSE,55184.15,55.1841,81487.54,81.4875,660.1454,2376.5235,660.1454,526.2747,-398.531,-0.0074,-9.8044,9.8044,3.6675,0.0009,404.42,0.4044,0.0,0.0,4.61,500.0,108947991.91,108.948
157.5,QRSAM_Class,MIDCOURSE,54982.43,54.9824,81750.68,81.7507,663.1135,2387.2086,663.1135,526.271,-403.4332,-0.0076,-9.8042,9.8042,3.684,0.001,417.87,0.4179,0.0,0.0,4.77,500.0,109929874.74,109.9299
158.0,QRSAM_Class,MIDCOURSE,54778.26,54.7783,82013.81,82.0138,666.1043,2397.9753,666.1043,526.2672,-408.3353,-0.0078,-9.804,9.804,3.7006,0.001,431.9,0.4319,0.0,0.0,4.93,500.0,110923722.28,110.9237
158.5,QRSAM_Class,MIDCOURSE,54571.64,54.5716,82276.95,82.2769,669.1174,2408.8227,669.1174,526.2633,-413.2373,-0.008,-9.8037,9.8037,3.7173,0.001,446.54,0.4465,0.0,0.0,5.09,500.0,111929531.53,111.9295
159.0,QRSAM_Class,MIDCOURSE,54362.57,54.3626,82540.08,82.5401,672.1527,2419.7496,672.1527,526.2593,-418.1391,-0.0082,-9.8034,9.8035,3.7342,0.0011,461.82,0.4618,0.0,0.0,5.27,500.0,112947299.31,112.9473
159.5,QRSAM_Class,MIDCOURSE,54151.05,54.1511,82803.2,82.8032,675.2097,2430.7548,675.2097,526.2552,-423.0408,-0.0085,-9.8032,9.8032,3.7512,0.0011,477.77,0.4778,0.0,0.0,5.45,500.0,113977022.26,113.977
160.0,QRSAM_Class,MIDCOURSE,53937.08,53.9371,83066.33,83.0663,678.2881,2441.8373,678.2881,526.251,-427.9424,-0.0087,-9.8029,9.8029,3.7683,0.0011,494.43,0.4944,0.0,0.0,5.64,500.0,115018696.89,115.0187
160.5,QRSAM_Class,MIDCOURSE,53720.66,53.7207,83329.45,83.3295,681.3878,2452.9959,681.3878,526.2466,-432.8439,-0.009,-9.8026,9.8026,3.7855,0.0012,511.82,0.5118,0.0,0.0,5.84,500.0,116072319.5,116.0723
161.0,QRSAM_Class,MIDCOURSE,53501.79,53.5018,83592.57,83.5926,684.5083,2464.2297,684.5083,526.2421,-437.7452,-0.0093,-9.8023,9.8023,3.8028,0.0012,529.99,0.53,0.0,0.0,6.04,500.0,117137886.2,117.1379
161.5,QRSAM_Class,MIDCOURSE,53280.46,53.2805,83855.69,83.8557,687.6493,2475.5375,687.6493,526.2374,-442.6463,-0.0096,-9.8019,9.8019,3.8203,0.0013,548.98,0.549,0.0,0.0,6.26,500.0,118215392.9,118.2154
162.0,QRSAM_Class,MIDCOURSE,53056.69,53.0567,84118.81,84.1188,690.8106,2486.9183,690.8106,526.2326,-447.5473,-0.0099,-9.8016,9.8016,3.8378,0.0013,568.82,0.5688,0.0,0.0,6.49,500.0,119304835.3,119.3048
162.5,QRSAM_Class,MIDCOURSE,52830.47,52.8305,84381.92,84.3819,693.992,2498.371,693.992,526.2277,-452.4481,-0.0102,-9.8012,9.8012,3.8555,0.0014,589.55,0.5896,0.0,0.0,6.72,500.0,120406208.86,120.4062
163.0,QRSAM_Class,MIDCOURSE,52601.79,52.6018,84645.03,84.645,697.193,2509.8947,697.193,526.2226,-457.3487,-0.0105,-9.8009,9.8009,3.8733,0.0014,611.23,0.6112,0.0,0.0,6.97,500.0,121519508.82,121.5195
163.5,QRSAM_Class,MIDCOURSE,52370.67,52.3707,84908.14,84.9081,700.4134,2521.4882,700.4134,526.2173,-462.2491,-0.0109,-9.8005,9.8005,3.8912,0.0015,633.89,0.6339,0.0,0.0,7.23,500.0,122644730.15,122.6447
164.0,QRSAM_Class,MIDCOURSE,52137.09,52.1371,85171.25,85.1712,703.6529,2533.1506,703.6529,526.2119,-467.1493,-0.0112,-9.8,9.8,3.9092,0.0015,657.59,0.6576,0.0,0.0,7.5,500.0,123781867.55,123.7819
164.5,QRSAM_Class,MIDCOURSE,51901.07,51.9011,85434.35,85.4344,706.9114,2544.8809,706.9114,526.2063,-472.0494,-0.0116,-9.7996,9.7996,3.9273,0.0016,682.39,0.6824,0.0,0.0,7.78,500.0,124930915.45,124.9309
165.0,QRSAM_Class,MIDCOURSE,51662.59,51.6626,85697.45,85.6975,710.1883,2556.678,710.1883,526.2005,-476.9492,-0.012,-9.7992,9.7992,3.9455,0.0016,708.32,0.7083,0.0,0.0,8.08,500.0,126091867.97,126.0919
165.5,QRSAM_Class,MIDCOURSE,51421.67,51.4217,85960.55,85.9605,713.4836,2568.541,713.4836,526.1945,-481.8487,-0.0124,-9.7987,9.7987,3.9638,0.0017,735.47,0.7355,0.0,0.0,8.39,500.0,127264718.92,127.2647
166.0,QRSAM_Class,MIDCOURSE,51178.3,51.1783,86223.64,86.2236,716.7969,2580.469,716.7969,526.1883,-486.7481,-0.0128,-9.7982,9.7982,3.9822,0.0018,763.87,0.7639,0.0,0.0,8.71,500.0,128449461.76,128.4495
166.5,QRSAM_Class,MIDCOURSE,50932.47,50.9325,86486.73,86.4867,720.128,2592.4609,720.128,526.1819,-491.6472,-0.0132,-9.7976,9.7977,4.0007,0.0018,793.61,0.7936,0.0,0.0,9.05,500.0,129646089.6,129.6461
167.0,QRSAM_Class,MIDCOURSE,50684.2,50.6842,86749.82,86.7498,723.4766,2604.5157,723.4766,526.1753,-496.546,-0.0137,-9.7971,9.7971,4.0193,0.0019,824.75,0.8248,0.0,0.0,9.41,500.0,130854595.18,130.8546
167.5,QRSAM_Class,MIDCOURSE,50433.48,50.4335,87012.9,87.0129,726.8424,2616.6327,726.8424,526.1685,-501.4445,-0.0142,-9.7965,9.7965,4.038,0.002,857.36,0.8574,0.0,0.0,9.78,500.0,132074970.83,132.075
168.0,QRSAM_Class,MIDCOURSE,50180.3,50.1803,87275.99,87.276,730.2252,2628.8107,730.2252,526.1614,-506.3428,-0.0147,-9.7959,9.7959,4.0568,0.0021,891.53,0.8915,0.0,0.0,10.17,500.0,133307208.46,133.3072
168.5,QRSAM_Class,TERMINAL,49924.68,49.9247,87539.06,87.5391,733.6247,2641.0489,733.6247,526.1541,-511.2407,-0.0152,-9.7953,9.7953,4.0757,0.0022,927.32,0.9273,0.0,0.0,10.58,500.0,134551299.55,134.5513
169.0,QRSAM_Class,TERMINAL,49666.62,49.6666,87802.14,87.8021,737.0407,2653.3464,737.0407,526.1465,-516.1384,-0.0157,-9.7946,9.7946,4.0947,0.0022,964.83,0.9648,0.0,0.0,11.0,500.0,135807235.07,135.8072
169.5,QRSAM_Class,TERMINAL,49406.1,49.4061,88065.21,88.0652,740.4728,2665.7022,740.4728,526.1386,-521.0357,-0.0163,-9.7939,9.7939,4.1137,0.0023,1004.14,1.0041,0.0,0.0,11.45,500.0,137075005.51,137.075
170.0,QRSAM_Class,TERMINAL,49143.13,49.1431,88328.27,88.3283,743.921,2678.1155,743.921,526.1305,-525.9326,-0.0169,-9.7931,9.7932,4.1329,0.0024,1045.36,1.0454,0.0,0.0,11.92,500.0,138354600.82,138.3546
170.5,QRSAM_Class,TERMINAL,48877.72,48.8777,88591.33,88.5913,747.3848,2690.5853,747.3848,526.1221,-530.8292,-0.0175,-9.7924,9.7924,4.1521,0.0025,1088.59,1.0886,0.0,0.0,12.41,500.0,139646010.4,139.646
171.0,QRSAM_Class,TERMINAL,48609.85,48.6099,88854.39,88.8544,750.8641,2703.1107,750.8641,526.1133,-535.7254,-0.0181,-9.7915,9.7916,4.1715,0.0026,1133.92,1.1339,0.0,0.0,12.93,500.0,140949223.01,140.9492
171.5,QRSAM_Class,TERMINAL,48339.54,48.3395,89117.44,89.1174,754.3586,2715.691,754.3586,526.1043,-540.6211,-0.0188,-9.7907,9.7907,4.1909,0.0027,1181.48,1.1815,0.0,0.0,13.47,500.0,142264226.82,142.2642
172.0,QRSAM_Class,TERMINAL,48066.79,48.0668,89380.49,89.3805,757.8681,2728.3251,757.8681,526.0949,-545.5165,-0.0195,-9.7898,9.7898,4.2104,0.0029,1231.39,1.2314,0.0,0.0,14.04,500.0,143591009.3,143.591
172.5,QRSAM_Class,TERMINAL,47791.58,47.7916,89643.53,89.6435,761.3923,2741.0123,761.3923,526.0851,-550.4114,-0.0202,-9.7888,9.7889,4.23,0.003,1283.76,1.2838,0.0,0.0,14.64,500.0,144929557.2,144.9296
173.0,QRSAM_Class,TERMINAL,47513.93,47.5139,89906.57,89.9066,764.931,2753.7516,764.931,526.075,-555.3058,-0.021,-9.7878,9.7879,4.2496,0.0031,1338.75,1.3387,0.0,0.0,15.27,500.0,146279856.52,146.2799
173.5,QRSAM_Class,TERMINAL,47233.83,47.2338,90169.6,90.1696,768.4839,2766.5422,768.4839,526.0645,-560.1997,-0.0218,-9.7868,9.7868,4.2694,0.0032,1396.48,1.3965,0.0,0.0,15.93,500.0,147641892.45,147.6419
174.0,QRSAM_Class,TERMINAL,46951.28,46.9513,90432.63,90.4326,772.0509,2779.3833,772.0509,526.0536,-565.0931,-0.0226,-9.7857,9.7857,4.2892,0.0034,1457.12,1.4571,0.0,0.0,16.62,500.0,149015649.32,149.0156
174.5,QRSAM_Class,TERMINAL,46666.29,46.6663,90695.65,90.6956,775.6316,2792.2739,775.6316,526.0423,-569.9859,-0.0235,-9.7845,9.7845,4.3091,0.0035,1520.81,1.5208,0.0,0.0,17.34,500.0,150401110.56,150.4011
175.0,QRSAM_Class,TERMINAL,46378.85,46.3788,90958.66,90.9587,779.2259,2805.2133,779.2259,526.0305,-574.8782,-0.0244,-9.7833,9.7833,4.329,0.0037,1587.73,1.5877,0.0,0.0,18.11,500.0,151798258.62,151.7983
175.5,QRSAM_Class,TERMINAL,46088.96,46.089,91221.67,91.2217,782.8335,2818.2006,782.8335,526.0183,-579.7698,-0.0254,-9.782,9.782,4.3491,0.0039,1658.06,1.6581,0.0,0.0,18.91,500.0,153207074.93,153.2071
176.0,QRSAM_Class,TERMINAL,45796.63,45.7966,91484.68,91.4847,786.4542,2831.235,786.4542,526.0056,-584.6608,-0.0264,-9.7806,9.7807,4.3692,0.004,1731.98,1.732,0.0,0.0,19.75,500.0,154627539.83,154.6275
176.5,QRSAM_Class,TERMINAL,45501.86,45.5019,91747.67,91.7477,790.0877,2844.3156,790.0877,525.9924,-589.5511,-0.0275,-9.7792,9.7792,4.3894,0.0042,1809.71,1.8097,0.0,0.0,20.64,500.0,156059632.49,156.0596
177.0,QRSAM_Class,TERMINAL,45204.64,45.2046,92010.66,92.0107,793.7338,2857.4416,793.7338,525.9786,-594.4407,-0.0286,-9.7777,9.7777,4.4096,0.0044,1891.45,1.8914,0.0,0.0,21.57,500.0,157503330.87,157.5033
177.5,QRSAM_Class,TERMINAL,44904.97,44.905,92273.64,92.2736,797.3923,2870.6122,797.3923,525.9644,-599.3296,-0.0297,-9.7761,9.7761,4.43,0.0046,1977.42,1.9774,0.0,0.0,22.55,500.0,158958611.6,158.9586
178.0,QRSAM_Class,TERMINAL,44602.86,44.6029,92536.62,92.5366,801.0629,2883.8265,801.0629,525.9495,-604.2176,-0.031,-9.7744,9.7745,4.4503,0.0048,2067.88,2.0679,0.0,0.0,23.58,500.0,160425449.92,160.4254
178.5,QRSAM_Class,TERMINAL,44298.31,44.2983,92799.58,92.7996,804.7455,2897.0837,804.7455,525.934,-609.1048,-0.0322,-9.7727,9.7727,4.4708,0.005,2163.06,2.1631,0.0,0.0,24.67,500.0,161903819.6,161.9038
179.0,QRSAM_Class,TERMINAL,43991.32,43.9913,93062.54,93.0625,808.4397,2910.383,808.4397,525.9179,-613.9912,-0.0336,-9.7708,9.7709,4.4913,0.0053,2263.25,2.2632,0.0,0.0,25.81,500.0,163393692.81,163.3937
179.5,QRSAM_Class,TERMINAL,43681.88,43.6819,93325.49,93.3255,812.1454,2923.7235,812.1454,525.9011,-618.8766,-0.035,-9.7688,9.7689,4.5119,0.0055,2368.73,2.3687,0.0,0.0,27.01,500.0,164895040.08,164.895
180.0,QRSAM_Class,TERMINAL,43370.0,43.37,93588.44,93.5884,815.8623,2937.1043,815.8623,525.8836,-623.761,-0.0365,-9.7668,9.7668,4.5326,0.0058,2479.8,2.4798,0.0,0.0,28.28,500.0,166407830.12,166.4078
180.5,QRSAM_Class,TERMINAL,43055.67,43.0557,93851.37,93.8514,819.5902,2950.5248,819.5902,525.8654,-628.6444,-0.038,-9.7646,9.7646,4.5533,0.006,2596.78,2.5968,0.0,0.0,29.61,500.0,167932029.75,167.932
181.0,QRSAM_Class,TERMINAL,42738.91,42.7389,94114.29,94.1143,823.3289,2963.9839,823.3289,525.8464,-633.5267,-0.0396,-9.7623,9.7623,4.574,0.0063,2720.03,2.72,0.0,0.0,31.02,500.0,169467603.79,169.4676
181.5,QRSAM_Class,TERMINAL,42419.71,42.4197,94377.21,94.3772,827.078,2977.4809,827.078,525.8266,-638.4078,-0.0413,-9.7598,9.7599,4.5949,0.0066,2849.9,2.8499,0.0,0.0,32.5,500.0,171014514.87,171.0145
182.0,QRSAM_Class,TERMINAL,42098.06,42.0981,94640.11,94.6401,830.8375,2991.0149,830.8375,525.8059,-643.2877,-0.0431,-9.7573,9.7574,4.6158,0.0069,2986.77,2.9868,0.0,0.0,34.06,500.0,172572723.37,172.5727
182.5,QRSAM_Class,TERMINAL,41773.98,41.774,94903.0,94.903,834.6069,3004.585,834.6069,525.7843,-648.1663,-0.045,-9.7545,9.7546,4.6367,0.0073,3131.07,3.1311,0.0,0.0,35.71,500.0,174142187.2,174.1422
183.0,QRSAM_Class,TERMINAL,41447.46,41.4475,95165.88,95.1659,838.3862,3018.1904,838.3862,525.7618,-653.0436,-0.047,-9.7517,9.7518,4.6577,0.0076,3283.22,3.2832,0.0,0.0,37.44,500.0,175722861.67,175.7229
183.5,QRSAM_Class,TERMINAL,41118.5,41.1185,95428.75,95.4288,842.175,3031.8301,842.175,525.7384,-657.9194,-0.049,-9.7486,9.7488,4.6788,0.008,3443.69,3.4437,0.0,0.0,39.27,500.0,177314699.33,177.3147
184.0,QRSAM_Class,TERMINAL,40787.1,40.7871,95691.61,95.6916,845.9732,3045.5034,845.9732,525.7138,-662.7938,-0.0512,-9.7454,9.7456,4.6999,0.0084,3612.97,3.613,0.0,0.0,41.2,500.0,178917649.78,178.9176
184.5,QRSAM_Class,TERMINAL,40453.27,40.4533,95954.45,95.9545,849.7803,3059.2092,849.7803,525.6882,-667.6665,-0.0535,-9.7421,9.7422,4.721,0.0088,3791.59,3.7916,0.0,0.0,43.24,500.0,180531659.45,180.5317
185.0,QRSAM_Class,TERMINAL,40117.0,40.117,96217.28,96.2173,853.5963,3072.9468,853.5963,525.6615,-672.5375,-0.0559,-9.7385,9.7386,4.7422,0.0093,3980.1,3.9801,0.0,0.0,45.39,500.0,182156671.44,182.1567
185.5,QRSAM_Class,TERMINAL,39778.3,39.7783,96480.1,96.4801,857.4208,3086.715,857.4208,525.6335,-677.4067,-0.0584,-9.7347,9.7349,4.7634,0.0097,4179.1,4.1791,0.0,0.0,47.66,500.0,183792625.26,183.7926
186.0,QRSAM_Class,TERMINAL,39437.16,39.4372,96742.9,96.7429,861.2536,3100.5131,861.2536,525.6043,-682.2741,-0.0611,-9.7307,9.7309,4.7847,0.0102,4389.22,4.3892,0.0,0.0,50.05,500.0,185439456.61,185.4395
186.5,QRSAM_Class,TERMINAL,39093.59,39.0936,97005.69,97.0057,865.0944,3114.34,865.0944,525.5738,-687.1394,-0.0639,-9.7265,9.7267,4.8061,0.0107,4611.12,4.6111,0.0,0.0,52.59,500.0,187097097.1,187.0971
187.0,QRSAM_Class,TERMINAL,38747.59,38.7476,97268.46,97.2685,868.943,3128.1947,868.943,525.5418,-692.0027,-0.0668,-9.722,9.7222,4.8275,0.0113,4845.52,4.8455,0.0,0.0,55.26,500.0,188765474.04,188.7655
187.5,QRSAM_Class,TERMINAL,38399.16,38.3992,97531.21,97.5312,872.799,3142.0763,872.799,525.5084,-696.8637,-0.0699,-9.7173,9.7175,4.8489,0.0118,5093.17,5.0932,0.0,0.0,58.08,500.0,190444510.06,190.4445
188.0,QRSAM_Class,TERMINAL,38048.3,38.0483,97793.95,97.7939,876.6621,3155.9837,876.6621,525.4734,-701.7223,-0.0732,-9.7122,9.7125,4.8703,0.0124,5354.9,5.3549,0.0,0.0,61.07,500.0,192134122.89,192.1341
188.5,QRSAM_Class,TERMINAL,37695.01,37.695,98056.67,98.0567,880.5322,3169.9158,880.5322,525.4368,-706.5784,-0.0766,-9.7069,9.7072,4.8918,0.0131,5631.55,5.6316,0.0,0.0,64.22,500.0,193834224.97,193.8342
189.0,QRSAM_Class,TERMINAL,37339.29,37.3393,98319.37,98.3194,884.4088,3183.8716,884.4088,525.3985,-711.4319,-0.0803,-9.7013,9.7016,4.9134,0.0138,5924.04,5.924,0.0,0.0,67.56,500.0,195544723.08,195.5447
189.5,QRSAM_Class,TERMINAL,36981.15,36.9811,98582.05,98.582,888.2917,3197.85,888.2917,525.3584,-716.2825,-0.0841,-9.6954,9.6957,4.935,0.0145,6233.36,6.2334,0.0,0.0,71.09,500.0,197265518.04,197.2655
190.0,QRSAM_Class,TERMINAL,36620.58,36.6206,98844.7,98.8447,892.1805,3211.8497,892.1805,525.3163,-721.1302,-0.0881,-9.6891,9.6895,4.9566,0.0153,6560.53,6.5605,0.0,0.0,74.82,500.0,198996504.22,198.9965
190.5,QRSAM_Class,TERMINAL,36257.6,36.2576,99107.34,99.1073,896.0749,3225.8697,896.0749,525.2723,-725.9747,-0.0923,-9.6824,9.6828,4.9782,0.0161,6906.67,6.9067,0.0,0.0,78.76,500.0,200737569.13,200.7376
191.0,QRSAM_Class,TERMINAL,35892.19,35.8922,99369.95,99.37,899.9747,3239.9087,899.9747,525.2261,-730.8159,-0.0968,-9.6753,9.6758,4.9999,0.0169,7272.94,7.2729,0.0,0.0,82.94,500.0,202488592.97,202.4886
191.5,QRSAM_Class,TERMINAL,35524.36,35.5244,99632.54,99.6325,903.8793,3253.9655,903.8793,525.1777,-735.6536,-0.1015,-9.6678,9.6683,5.0216,0.0178,7660.62,7.6606,0.0,0.0,87.36,500.0,204249448.12,204.2494
192.0,QRSAM_Class,TERMINAL,35154.12,35.1541,99895.11,99.8951,907.7885,3268.0387,907.7885,525.1269,-740.4875,-0.1065,-9.6598,9.6604,5.0433,0.0188,8071.04,8.071,0.0,0.0,92.04,500.0,206019998.6,206.02
192.5,QRSAM_Class,TERMINAL,34781.46,34.7815,100157.64,100.1576,911.7019,3282.1269,911.7019,525.0737,-745.3174,-0.1117,-9.6514,9.6521,5.065,0.0198,8505.63,8.5056,0.0,0.0,97.0,500.0,207800099.51,207.8001
193.0,QRSAM_Class,TERMINAL,34406.39,34.4064,100420.15,100.4202,915.6191,3296.2289,915.6191,525.0178,-750.1431,-0.1173,-9.6425,9.6432,5.0868,0.0208,8965.9,8.9659,0.0,0.0,102.25,500.0,209589596.38,209.5896
193.5,QRSAM_Class,TERMINAL,34028.91,34.0289,100682.63,100.6826,919.5397,3310.343,919.5397,524.9592,-754.9643,-0.1231,-9.633,9.6338,5.1086,0.022,9453.49,9.4535,0.0,0.0,107.81,500.0,211388324.57,211.3883
194.0,QRSAM_Class,TERMINAL,33649.02,33.649,100945.08,100.9451,923.4633,3324.4678,923.4633,524.8977,-759.7808,-0.1293,-9.6229,9.6238,5.1304,0.0232,9970.12,9.9701,0.0,0.0,113.7,500.0,213196108.54,213.1961
194.5,QRSAM_Class,TERMINAL,33266.72,33.2667,101207.5,101.2075,927.3894,3338.6017,927.3894,524.833,-764.5923,-0.1358,-9.6122,9.6132,5.1522,0.0245,10517.64,10.5176,0.0,0.0,119.94,500.0,215012761.07,215.0128
195.0,QRSAM_Class,TERMINAL,32882.02,32.882,101469.88,101.4699,931.3175,3352.7431,931.3175,524.7652,-769.3984,-0.1426,-9.6009,9.6019,5.174,0.0258,11098.01,11.098,0.0,0.0,126.56,500.0,216838082.51,216.8381
195.5,QRSAM_Class,TERMINAL,32494.92,32.4949,101732.23,101.7322,935.2473,3366.8901,935.2473,524.6938,-774.1988,-0.1499,-9.5888,9.59,5.1958,0.0272,11713.34,11.7133,0.0,0.0,133.58,500.0,218671859.88,218.6719
196.0,QRSAM_Class,TERMINAL,32105.42,32.1054,101994.54,101.9945,939.1781,3381.0411,939.1781,524.6189,-778.9932,-0.1575,-9.5761,9.5774,5.2177,0.0288,12365.87,12.3659,0.0,0.0,141.02,500.0,220513865.93,220.5139
196.5,QRSAM_Class,TERMINAL,31713.53,31.7135,102256.81,102.2568,943.1094,3395.194,943.1094,524.5401,-783.7813,-0.1656,-9.5625,9.5639,5.2395,0.0304,13057.98,13.058,0.0,0.0,148.91,500.0,222363858.22,222.3639
197.0,QRSAM_Class,TERMINAL,31319.25,31.3193,102519.03,102.519,947.0408,3409.3469,947.0408,524.4573,-788.5625,-0.1742,-9.5481,9.5497,5.2613,0.0321,13792.22,13.7922,0.0,0.0,157.29,500.0,224221577.99,224.2216
197.5,QRSAM_Class,TERMINAL,30922.58,30.9226,102781.22,102.7812,950.9716,3423.4978,950.9716,524.3702,-793.3366,-0.1833,-9.5327,9.5345,5.2832,0.0339,14571.33,14.5713,0.0,0.0,166.17,500.0,226086749.06,226.0867
198.0,QRSAM_Class,TERMINAL,30523.53,30.5235,103043.36,103.0434,954.9012,3437.6443,954.9012,524.2786,-798.1029,-0.1928,-9.5165,9.5184,5.305,0.0358,15398.2,15.3982,0.0,0.0,175.6,500.0,227959076.6,227.9591
198.5,QRSAM_Class,TERMINAL,30122.1,30.1221,103305.45,103.3055,958.829,3451.7843,958.829,524.1822,-802.8612,-0.2029,-9.4992,9.5013,5.3268,0.0378,16275.93,16.2759,0.0,0.0,185.61,500.0,229838245.86,229.8382
199.0,QRSAM_Class,TERMINAL,29718.3,29.7183,103567.49,103.5675,962.7542,3465.9152,962.7542,524.0807,-807.6107,-0.2136,-9.4808,9.4832,5.3486,0.04,17207.83,17.2078,0.0,0.0,196.24,500.0,231723920.76,231.7239
199.5,QRSAM_Class,TERMINAL,29312.12,29.3121,103829.48,103.8295,966.6762,3480.0345,966.6762,523.9739,-812.3511,-0.225,-9.4612,9.4639,5.3704,0.0423,18197.44,18.1974,0.0,0.0,207.52,500.0,233615742.39,233.6157
200.0,QRSAM_Class,TERMINAL,28903.58,28.9036,104091.41,104.0914,970.5943,3494.1395,970.5943,523.8614,-817.0817,-0.237,-9.4404,9.4434,5.3922,0.0448,19248.52,19.2485,0.0,0.0,219.51,500.0,235513327.44,235.5133
200.5,QRSAM_Class,TERMINAL,28492.68,28.4927,104353.28,104.3533,974.5076,3508.2274,974.5076,523.7429,-821.8019,-0.2496,-9.4183,9.4216,5.4139,0.0473,20365.11,20.3651,0.0,0.0,232.24,500.0,237416266.5,237.4163
201.0,QRSAM_Class,TERMINAL,28079.42,28.0794,104615.09,104.6151,978.4153,3522.2951,978.4153,523.6181,-826.5111,-0.2631,-9.3948,9.3985,5.4356,0.0501,21551.5,21.5515,0.0,0.0,245.77,500.0,239324122.23,239.3241
201.5,QRSAM_Class,TERMINAL,27663.82,27.6638,104876.83,104.8768,982.3165,3536.3394,982.3165,523.4866,-831.2085,-0.2773,-9.3697,9.3738,5.4573,0.053,22812.27,22.8123,0.0,0.0,260.15,500.0,241236427.39,241.2364
202.0,QRSAM_Class,TERMINAL,27245.87,27.2459,105138.51,105.1385,986.2103,3550.357,986.2103,523.3479,-835.8933,-0.2923,-9.3431,9.3477,5.4789,0.0562,24152.33,24.1523,0.0,0.0,275.43,500.0,243152682.81,243.1527
202.5,QRSAM_Class,TERMINAL,26825.59,26.8256,105400.11,105.4001,990.0957,3564.3444,990.0957,523.2018,-840.5649,-0.3083,-9.3147,9.3198,5.5005,0.0595,25576.9,25.5769,0.0,0.0,291.68,500.0,245072355.12,245.0724
203.0,QRSAM_Class,TERMINAL,26402.98,26.403,105661.63,105.6616,993.9716,3578.2977,993.9716,523.0476,-845.2223,-0.3252,-9.2846,9.2903,5.5221,0.063,27091.58,27.0916,0.0,0.0,308.95,500.0,246994874.4,246.9949
203.5,QRSAM_Class,TERMINAL,25978.05,25.978,105923.07,105.9231,997.8369,3592.2129,997.8369,522.8851,-849.8645,-0.343,-9.2524,9.2588,5.5435,0.0667,28702.3,28.7023,0.0,0.0,327.32,500.0,248919631.64,248.9196
204.0,QRSAM_Class,TERMINAL,25550.8,25.5508,106184.43,106.1844,1001.6905,3606.0859,1001.6905,522.7135,-854.4908,-0.362,-9.2182,9.2253,5.5649,0.0707,30415.45,30.4154,0.0,0.0,346.86,500.0,250845976.02,250.846
204.5,QRSAM_Class,TERMINAL,25121.25,25.1213,106445.7,106.4457,1005.5311,3619.9121,1005.5311,522.5325,-859.0999,-0.3821,-9.1818,9.1897,5.5863,0.075,32237.79,32.2378,0.0,0.0,367.64,500.0,252773212.03,252.7732
205.0,QRSAM_Class,TERMINAL,24689.41,24.6894,106706.87,106.7069,1009.3574,3633.6867,1009.3574,522.3415,-863.6908,-0.4034,-9.143,9.1519,5.6075,0.0795,34176.59,34.1766,0.0,0.0,389.75,500.0,254700596.38,254.7006
205.5,QRSAM_Class,TERMINAL,24255.27,24.2553,106967.94,106.9679,1013.168,3647.4047,1013.168,522.1398,-868.2623,-0.426,-9.1017,9.1116,5.6287,0.0843,36239.56,36.2396,0.0,0.0,413.28,500.0,256627334.73,256.6273
206.0,QRSAM_Class,TERMINAL,23818.87,23.8189,107228.9,107.2289,1016.9613,3661.0607,1016.9613,521.9268,-872.8131,-0.4499,-9.0576,9.0688,5.6498,0.0894,38434.95,38.435,0.0,0.0,438.31,500.0,258552578.2,258.5526
206.5,QRSAM_Class,TERMINAL,23380.2,23.3802,107489.75,107.4898,1020.7359,3674.6491,1020.7359,521.7019,-877.3419,-0.4753,-9.0107,9.0232,5.6708,0.0948,40771.57,40.7716,0.0,0.0,464.96,500.0,260475419.62,260.4754
207.0,QRSAM_Class,TERMINAL,22939.27,22.9393,107750.48,107.7505,1024.4899,3688.1636,1024.4899,521.4642,-881.8473,-0.5022,-8.9607,8.9748,5.6916,0.1006,43258.79,43.2588,0.0,0.0,493.32,500.0,262394889.59,262.3949
207.5,QRSAM_Class,TERMINAL,22496.11,22.4961,108011.09,108.0111,1028.2217,3701.598,1028.2217,521.2131,-886.3276,-0.5308,-8.9075,8.9233,5.7123,0.1067,45906.62,45.9066,0.0,0.0,523.52,500.0,264309952.28,264.31
208.0,QRSAM_Class,TERMINAL,22050.72,22.0507,108271.56,108.2716,1031.9293,3714.9453,1031.9293,520.9477,-890.7814,-0.561,-8.8507,8.8684,5.7329,0.1133,48725.72,48.7257,0.0,0.0,555.67,500.0,266219500.96,266.2195
208.5,QRSAM_Class,TERMINAL,21603.12,21.6031,108531.9,108.5319,1035.6106,3728.1983,1035.6106,520.6672,-895.2067,-0.5932,-8.7902,8.8101,5.7534,0.1203,51727.44,51.7274,0.0,0.0,589.9,500.0,268122353.25,268.1224
209.0,QRSAM_Class,TERMINAL,21153.31,21.1533,108792.08,108.7921,1039.2637,3741.3492,1039.2637,520.3706,-899.6018,-0.6272,-8.7256,8.7482,5.7737,0.1277,54923.9,54.9239,0.0,0.0,626.35,500.0,270017246.15,270.0172
209.5,QRSAM_Class,TERMINAL,20701.33,20.7013,109052.11,109.0521,1042.8861,3754.3898,1042.8861,520.057,-903.9646,-0.6634,-8.6569,8.6823,5.7938,0.1356,58327.98,58.328,0.0,0.0,665.17,500.0,271902830.68,271.9028
210.0,QRSAM_Class,TERMINAL,20247.19,20.2472,109311.97,109.312,1046.4754,3767.3113,1046.4754,519.7253,-908.293,-0.7018,-8.5836,8.6122,5.8138,0.144,61953.4,61.9534,0.0,0.0,706.52,500.0,273777666.35,273.7777
210.5,QRSAM_Class,TERMINAL,19790.89,19.7909,109571.66,109.5717,1050.029,3780.1043,1050.029,519.3744,-912.5848,-0.7425,-8.5054,8.5377,5.8335,0.153,65814.76,65.8148,0.0,0.0,750.55,500.0,275640215.17,275.6402
211.0,QRSAM_Class,TERMINAL,19332.47,19.3325,109831.16,109.8312,1053.5442,3792.7591,1053.5442,519.0032,-916.8375,-0.7857,-8.422,8.4586,5.853,0.1626,69927.57,69.9276,0.0,0.0,797.45,500.0,277488835.5,277.4888
211.5,QRSAM_Class,TERMINAL,18871.95,18.872,110090.47,110.0905,1057.018,3805.2649,1057.018,518.6103,-921.0485,-0.8315,-8.3332,8.3746,5.8318,0.1728,74308.33,74.3083,0.0,0.0,847.41,500.0,279321775.47,279.3218
212.0,QRSAM_Class,TERMINAL,18409.34,18.4093,110349.56,110.3496,1060.4474,3817.6106,1060.4474,518.1946,-925.2151,-0.8802,-8.2385,8.2853,5.7612,0.1836,78974.55,78.9746,0.0,0.0,900.62,500.0,281137166.13,281.1372
212.5,QRSAM_Class,TERMINAL,17944.68,17.9447,110608.44,110.6084,1063.829,3829.7843,1063.829,517.7545,-929.3344,-0.9318,-8.1374,8.1906,5.6907,0.1952,83944.84,83.9448,0.0,0.0,957.31,500.0,282933014.33,282.933
213.0,QRSAM_Class,TERMINAL,17477.97,17.478,110867.09,110.8671,1067.1592,3841.7732,1067.1592,517.2886,-933.4031,-0.9866,-8.0298,8.0901,5.6204,0.2075,89238.9,89.2389,0.0,0.0,1017.68,500.0,284707195.16,284.7072
213.5,QRSAM_Class,TERMINAL,17009.27,17.0093,111125.48,111.1255,1070.4344,3853.5638,1070.4344,516.7953,-937.418,-1.0447,-7.9149,7.9836,5.5503,0.2206,94877.63,94.8776,0.0,0.0,1081.98,500.0,286457444.25,286.4574
214.0,QRSAM_Class,TERMINAL,16538.58,16.5386,111383.62,111.3836,1073.6505,3865.1418,1073.6505,516.2729,-941.3754,-1.1064,-7.7925,7.8707,5.4803,0.2346,100883.16,100.8832,0.0,0.0,1150.47,500.0,288181349.62,288.1813
214.5,QRSAM_Class,TERMINAL,16065.94,16.0659,111641.48,111.6415,1076.8033,3876.4919,1076.8033,515.7197,-945.2717,-1.1719,-7.6621,7.7512,5.4105,0.2494,107278.87,107.2789,0.0,0.0,1223.41,500.0,289876343.44,289.8763
215.0,QRSAM_Class,TERMINAL,15591.39,15.5914,111899.05,111.899,1079.8883,3887.5979,1079.8883,515.1337,-949.1027,-1.2413,-7.523,7.6247,5.3408,0.2653,114089.47,114.0895,0.0,0.0,1301.07,500.0,291539693.38,291.5397
215.5,QRSAM_Class,TERMINAL,15114.96,15.115,112156.3,112.1563,1082.9007,3898.4426,1082.9007,514.5131,-952.8642,-1.3149,-7.3748,7.4911,5.2713,0.2821,121341.05,121.341,0.0,0.0,1383.77,500.0,293168493.92,293.1685
216.0,QRSAM_Class,TERMINAL,14636.68,14.6367,112413.23,112.4132,1085.8355,3909.0076,1085.8355,513.8556,-956.5516,-1.393,-7.2169,7.3501,5.202,0.3001,129061.07,129.0611,0.0,0.0,1471.81,500.0,294759657.39,294.7597
216.5,QRSAM_Class,TERMINAL,14156.6,14.1566,112669.81,112.6698,1088.6871,3919.2736,1088.6871,513.1591,-960.1601,-1.4758,-7.0486,7.2014,5.1329,0.3192,137278.44,137.2784,0.0,0.0,1565.52,500.0,296309904.96,296.3099
217.0,QRSAM_Class,TERMINAL,13674.76,13.6748,112926.02,112.926,1091.45,3929.2199,1091.45,512.4212,-963.6844,-1.5636,-6.8694,7.0451,5.0639,0.3395,146023.53,146.0235,0.0,0.0,1665.25,500.0,297815757.64,297.8158
217.5,QRSAM_Class,TERMINAL,13191.2,13.1912,113181.84,113.1818,1094.118,3938.8247,1094.118,511.6394,-967.119,-1.6567,-6.6785,6.8809,4.9951,0.3611,155328.16,155.3282,0.0,0.0,1771.36,500.0,299273527.29,299.2735
218.0,QRSAM_Class,TERMINAL,12705.97,12.706,113437.25,113.4372,1096.6847,3948.0648,1096.6847,510.8111,-970.4583,-1.7553,-6.4753,6.709,4.9265,0.3841,165225.65,165.2257,0.0,0.0,1884.23,500.0,300679307.83,300.6793
218.5,QRSAM_Class,TERMINAL,12219.12,12.2191,113692.21,113.6922,1099.1432,3956.9157,1099.1432,509.9334,-973.6959,-1.8597,-6.259,6.5294,4.8581,0.4086,175750.79,175.7508,0.0,0.0,2004.26,500.0,302028966.71,302.029
219.0,QRSAM_Class,TERMINAL,11730.71,11.7307,113946.72,113.9467,1101.4865,3965.3515,1101.4865,509.0036,-976.8254,-1.9703,-6.0288,6.3426,4.7898,0.4346,186939.8,186.9398,0.0,0.0,2131.86,500.0,303318136.85,303.3181
219.5,QRSAM_Class,TERMINAL,11240.79,11.2408,114200.72,114.2007,1103.7069,3973.3447,1103.7069,508.0184,-979.8398,-2.0873,-5.784,6.1491,4.7217,0.4623,198830.31,198.8303,0.0,0.0,2267.46,500.0,304542209.1,304.5422
220.0,QRSAM_Class,TERMINAL,10749.42,10.7494,114454.21,114.4542,1105.7962,3980.8664,1105.7962,506.9748,-982.7319,-2.2112,-5.5238,5.9499,4.6538,0.4916,211461.3,211.4613,0.0,0.0,2411.5,500.0,305696325.55,305.6963
220.5,QRSAM_Class,TERMINAL,10256.68,10.2567,114707.15,114.7071,1107.7461,3987.8861,1107.7461,505.8692,-985.4937,-2.3422,-5.2471,5.7462,4.5861,0.5228,224873.01,224.873,0.0,0.0,2564.45,500.0,306775373.77,306.7754
221.0,QRSAM_Class,TERMINAL,9762.62,9.7626,114959.5,114.9595,1109.5476,3994.3714,1109.5476,504.6981,-988.1173,-2.4806,-4.9533,5.5397,4.5185,0.5559,239106.79,239.1068,0.0,0.0,2726.77,500.0,307773982.35,307.774
221.5,QRSAM_Class,TERMINAL,9267.32,9.2673,115211.22,115.2112,1111.1913,4000.2886,1111.1913,503.4577,-990.5939,-2.6269,-4.6413,5.3332,4.4511,0.591,254205.01,254.205,0.0,0.0,2898.95,500.0,308686517.85,308.6865
222.0,QRSAM_Class,TERMINAL,8770.87,8.7709,115462.3,115.4623,1112.6672,4005.602,1112.6672,502.1443,-992.9146,-2.7813,-4.3103,5.1298,4.3839,0.6282,270210.84,270.2108,0.0,0.0,3081.48,500.0,309507083.65,309.5071
222.5,QRSAM_Class,TERMINAL,8273.33,8.2733,115712.67,115.7127,1113.965,4010.2741,1113.965,500.7536,-995.0698,-2.9443,-3.9593,4.9341,4.3168,0.6677,287168.02,287.168,0.0,0.0,3274.86,500.0,310229520.92,310.2295
223.0,QRSAM_Class,TERMINAL,7774.81,7.7748,115962.31,115.9623,1115.0738,4014.2658,1115.0738,499.2815,-997.0495,-3.116,-3.5874,4.7517,4.2499,0.7094,305120.63,305.1206,0.0,0.0,3479.59,500.0,310847412.1,310.8474
223.5,QRSAM_Class,TERMINAL,7275.38,7.2754,116211.18,116.2112,1115.9822,4017.536,1115.9822,497.7235,-998.8432,-3.297,-3.1936,4.5901,4.1831,0.7536,324112.71,324.1127,0.0,0.0,3696.18,500.0,311354087.27,311.3541
224.0,QRSAM_Class,TERMINAL,6775.16,6.7752,116459.21,116.4592,1116.6783,4020.0421,1116.6783,496.075,-1000.44,-3.4874,-2.7769,4.4579,4.1165,0.8002,344187.95,344.188,0.0,0.0,3925.11,500.0,311742633.97,311.7426
224.5,QRSAM_Class,TERMINAL,6274.25,6.2742,116706.38,116.7064,1117.1498,4021.7392,1117.1498,494.3313,-1001.8284,-3.6876,-2.3365,4.3655,4.0501,0.8495,365389.22,365.3892,0.0,0.0,4166.89,500.0,312005910.72,312.0059
225.0,QRSAM_Class,TERMINAL,5772.75,5.7728,116952.62,116.9526,1117.3837,4022.5812,1117.3837,492.4875,-1002.9967,-3.898,-1.8714,4.3239,3.9838,0.9015,387758.07,387.7581,0.0,0.0,4421.99,500.0,312136564.89,312.1366
225.5,QRSAM_Class,TERMINAL,5270.79,5.2708,117197.89,117.1979,1117.3666,4022.5199,1117.3666,490.5385,-1003.9324,-4.1187,-1.3807,4.344,3.9176,0.9563,411334.19,411.3342,0.0,0.0,4690.85,500.0,312127055.41,312.1271
226.0,QRSAM_Class,TERMINAL,4768.47,4.7685,117442.13,117.4421,1117.0849,4021.5057,1117.0849,488.4792,-1004.6227,-4.35,-0.8637,4.4349,3.8516,1.014,436154.75,436.1548,0.0,0.0,4973.9,500.0,311969680.71,311.9697
226.5,QRSAM_Class,TERMINAL,4265.95,4.2659,117685.28,117.6853,1116.5243,4019.4874,1116.5243,486.3042,-1005.0546,-4.5921,-0.3195,4.6032,3.7857,1.0747,462253.74,462.2537,0.0,0.0,5271.53,500.0,311656612.51,311.6566
227.0,QRSAM_Class,TERMINAL,3763.34,3.7633,117927.29,117.9273,1115.6701,4016.4123,1115.6701,484.0081,-1005.2143,-4.8451,0.2525,4.8516,3.7199,1.1384,489661.11,489.6611,0.0,0.0,5584.09,500.0,311179935.92,311.1799
227.5,QRSAM_Class,TERMINAL,3260.8,3.2608,118168.08,118.1681,1114.5074,4012.2267,1114.5074,481.5856,-1005.0881,-5.1091,0.8529,5.1798,3.6543,1.2053,518402.02,518.402,0.0,0.0,5911.85,500.0,310531696.27,310.5317
228.0,QRSAM_Class,TERMINAL,2758.46,2.7585,118407.6,118.4076,1113.021,4006.8757,1113.021,479.0311,-1004.6617,-5.3842,1.4821,5.5845,3.5889,1.2752,548495.82,548.4958,0.0,0.0,6255.04,500.0,309703953.1,309.704
228.5,QRSAM_Class,TERMINAL,2256.5,2.2565,118645.77,118.6458,1111.1955,4000.3037,1111.1955,476.339,-1003.9206,-5.6703,2.1406,6.0609,3.5235,1.3484,579955.13,579.9551,0.0,0.0,6613.8,500.0,308688841.62,308.6888
229.0,QRSAM_Class,TERMINAL,1755.08,1.7551,118882.52,118.8825,1109.0151,3992.4545,1109.0151,473.5038,-1002.8503,-5.9673,2.8284,6.6037,3.4583,1.4247,612784.78,612.7848,0.0,0.0,6988.19,500.0,307478641.89,307.4786
229.5,QRSAM_Class,TERMINAL,1254.36,1.2544,119117.78,119.1178,1106.4644,3983.2718,1106.4644,470.5201,-1001.4361,-6.2751,3.5456,7.2075,3.3933,1.5042,646980.69,646.9807,0.0,0.0,7378.16,500.0,306065855.69,306.0659
230.0,QRSAM_Class,TERMINAL,754.53,0.7545,119351.47,119.3515,1103.5276,3972.6994,1103.5276,467.3826,-999.6633,-6.5932,4.2919,7.8671,3.3283,1.5869,682528.79,682.5288,0.0,0.0,7783.55,500.0,304443291.18,304.4433
230.5,QRSAM_Class,TERMINAL,255.77,0.2558,119583.51,119.5835,1100.1894,3960.6817,1100.1894,464.086,-997.5173,-6.9213,5.0669,8.5778,3.2636,1.6726,719403.86,719.4039,0.0,0.0,8204.07,500.0,302604154.85,302.6042
